#,Song,Artist,BPM,Camelot,Energy,Added At,Duration,Popularity,Genres,Album,Album Date,Dance,Acoustic,Instrumental,Valence,Speech,Live,Loud (Db),Key,Time Signature,Spotify Track Id,ISRC,Explicit
1,"All The Things She Said","t.A.T.u.",180,4A,83,2026-06-23,03:34,87,"reggaetón, tropipop, latina, pop urbano","200 KM/H In The Wrong Lane (10th Anniversary Edition)",2002-00-00,53,4,1,38,0,10,-6,F Minor,4,4bJygwUKrRgq1stlNXcgMg,RUA110100098,yes
2,"Contigo Si","Jm caballero",76,7B,51,2026-06-23,03:49,65,"","Contigo Si",2026-05-07,64,11,0,67,0,10,-11,F Major,4,3gH8UbhqDAs6hEcfE3cT4q,QZZ782644830,no
3,"Embriágame (feat. Don Omar) - Remix","Zion & Lennox,Don Omar",91,9B,80,2026-06-23,03:50,58,"flamenco, flamenco urbano, flamenco pop","Motivan2",2016-09-30,64,16,0,53,0,20,-5,G Major,4,1WOJTQfNUEkLlsinPP95VM,USWL11600305,no
4,"BIZUM (Qué tienen tus ojos)","Tutto Durán,Nacho",125,8B,67,2026-06-23,02:16,46,"timba","BIZUM (Qué tienen tus ojos)",2025-02-14,80,4,0,96,0,20,-7,C Major,4,6lowoKt4hZs7L3oc8iDUO4,QZGLM2500122,no
5,"Te hacen falta dos","Manuel Turizo",125,4B,93,2026-06-23,02:41,77,"flamenco, flamenco urbano, flamenco pop","Apambichao",2026-04-09,76,75,0,64,20,10,-4,G#/A♭ Major,4,3Oohz3N32glZTOz0nuxGMD,QZDYA1800682,no
6,"Vente Pa' Aquí","Polo Nandez,Shakira Martínez",106,5B,63,2026-06-23,02:41,53,"reggaetón, latina, ","Vente Pa' Aquí",2024-09-27,71,27,0,56,0,10,-6,D#/E♭ Major,4,2Tul95SaeNAFW8b4EmIo6X,ES71G2421645,no
7,"He Llorado (Como Un Niño)","Juan Magán,Gente De Zona",116,3B,90,2026-06-23,03:38,67,"reggaetón, champeta, latina","The King Is Back (#LatinIBIZAte)",2015-10-16,69,20,0,79,0,10,-2,C♯/D♭ Major,4,72iOihHEQp0LA0hZcjfLaA,MXUM71501183,no
8,"Enhorabuena","Manuel Turizo",140,8B,84,2026-06-23,02:48,58,"flamenco, flamenco urbano, flamenco pop","201",2024-11-22,66,1,0,66,0,10,-5,C Major,4,3Jwlbr7aq7cVnsdAbb2WxL,QZDYA1800363,no
9,"Hiekka","Nicky Jam,Beéle",108,9A,73,2026-06-23,03:33,67,"flamenco pop, flamenco, flamenco urbano, bachata, electro house, edm","Bohemio",2026-01-30,72,5,0,33,0,10,-4,E Minor,4,4PNo8pt5fmvNyTheIqavsH,USA2P2519394,no
10,"QUE HACES","Becky G,Manuel Turizo",124,4B,76,2026-06-23,02:51,74,"tropipop, pop urbano, flamenco, flamenco urbano, flamenco pop","QUE HACES",2025-05-09,85,42,0,77,0,10,-5,G#/A♭ Major,4,4ad3yFpPEMFLnvCtvbman5,USRC12500583,no
11,"YO y TÚ","Ovy On The Drums,Quevedo,Beéle",95,1B,75,2026-06-23,03:18,86,"afrobeat latino, reggaetón, metal, nu metal, metal alternativo, rap metal, hard rock, electro house, edm","YO y TÚ",2025-06-11,83,16,0,67,0,10,-4,B Major,4,7koAf6aZgjO6TS7bipfPD0,USWL12502366,no
12,"Por un Pendejo no se llora","Manuel Turizo",122,11B,81,2026-06-23,02:31,67,"flamenco, flamenco urbano, flamenco pop","Apambichao",2026-04-09,80,29,0,96,0,10,-4,A Major,4,1Rwx4SAutssyWV0vbbw8iA,QZDYA1800609,yes
13,"Pégate Más","Dyland & Lenny",132,6A,87,2026-06-23,03:21,61,"","My World 2",2011-00-00,64,1,0,96,0,0,-5,G Minor,4,7IUqWSyZP376AhNCmQwYRE,USSD11100223,no
14,"Tocarte Toa","Big Yamo,Natya",100,8B,91,2026-06-23,03:22,69,"dembow","Haciendo Musica Sin Sabe pa' Kien!!!",2008-09-10,85,25,0,82,10,10,-4,C Major,4,5lLx91qjsI3Bt8mZhrgm7F,UKXN21950634,no
15,"The Sound of Silence - CYRIL Remix","Disturbed,CYRIL",126,11A,72,2026-06-23,03:05,83,"reggaetón, salsa, bachata","The Sound of Silence (CYRIL Remix)",2024-02-02,68,12,0,24,10,10,-4,F#/G♭ Minor,4,1LY3GhF0zxIVgbYEQjCbUO,USRE12400063,no
16,"Mal de Amores x Pègate Màs","Paquillo Castro",132,6B,84,2026-06-23,03:58,56,"","Mal de Amores x Pègate Màs",2026-04-23,62,8,0,66,0,20,-6,A#/B♭ Major,4,7eW4up4THYwPI8lWsWTbs3,QZWFR2675878,no
17,"Calor de Verano","Pilson",130,12B,77,2026-06-23,03:48,51,"reggaetón, latina","Calor de Verano",2013-05-29,74,2,0,91,10,10,-6,E Major,4,39faOnIZgJGlfrN8yVeZ23,USDHM1613663,no
18,"pa ti toa <3","Ana Mena,Lola Indigo",115,8A,72,2026-06-23,03:33,74,"reggaetón, ","pa ti toa <3",2026-06-12,83,34,0,80,0,20,-5,A Minor,4,54NQtnCL950bGIHlZUMMDH,ES5022600597,no
19,"Último Baile","Abraham Mateo,Luck Ra",138,8B,84,2026-06-23,02:47,68,"bachata, afrobeat latino","Último Baile",2026-05-08,77,9,0,93,0,10,-3,C Major,4,0VG8Z7M6nvchuexJlS5Nih,USSD12600256,no
20,"Capaz X Una Noche","Ciete",123,2A,80,2026-06-23,02:40,49,"reggaetón, trap latino","Capaz X Una Noche",2025-12-05,66,20,0,55,0,10,-6,D#/E♭ Minor,4,1DPRx5Xj2sxlnb6UJrjrqK,DGA0E2501409,no
21,"Si La Ves","Jovak",100,6B,76,2026-06-23,02:55,33,"reggaetón","Si La Ves",2026-04-20,77,1,0,54,0,0,-9,A#/B♭ Major,4,0YqgaCkw8whKCZAQeSJveY,QT6632655816,no
22,"Te conocí - Original Mix","Zenar",126,4B,47,2026-06-23,02:58,70,"","Te conocí",2026-05-10,78,4,0,56,0,0,-13,G#/A♭ Major,4,6puq2p7qagJZyb7MPS1Oli,CA5KR2649827,no
23,"Te Comía","Maka",170,7B,73,2026-06-23,02:55,58,"latina, latin dance","Te Comía",2023-01-27,67,10,0,59,0,20,-6,F Major,4,6PscyC1oeC9LRxWcw6YqDZ,QM4TW2326820,no
24,"YAPAQUE","Farruko,Greeicy,Steve Aoki",125,10B,94,2026-06-23,03:57,80,"reggaetón","YAPAQUE",2026-05-07,69,0,0,68,0,20,-5,D Major,4,67kmVaXtdmcy856hKjHb3y,QMEU32606102,no
25,"EL BACHATÓN DE LA L","Lola Indigo,Lucho RK",90,3A,81,2026-06-23,03:21,72,"","EL BACHATÓN DE LA L",2026-05-21,64,3,0,64,0,40,-9,A#/B♭ Minor,4,3RHT8N9fhgqsD6KGDrquaW,ESUM72600399,no
26,"Y Que Fue?","Don Miguelo",133,3B,65,2026-06-23,02:43,77,"afrobeat latino","EMDP (The Last Album)",2024-03-21,89,5,2,87,0,10,-7,C♯/D♭ Major,4,2wAmparvQdtQemzY9I8PKv,QZHZ62041239,no
27,"Bailame Despacio - Remix","Xantos,Dynell,Piso 21,Shadow Blow",176,10B,80,2026-06-23,04:32,54,"cuarteto, cumbia, trap argentino, reggaetón, urbano latino, tropipop, pop urbano","Bailame Despacio Remix (feat. Dynell, Piso 21, Shadow Blow)",2017-06-16,64,20,0,69,0,10,-3,D Major,4,7t41kC0EsL9ykmfqzIRnsk,US3Z41700854,no
28,"Sin Pena","Bebeshito,Rey Tony,Helabusador,Dj Honda",114,6A,94,2026-06-23,03:21,75,"flamenco, flamenco pop, timba, ","Sin Pena",2026-04-17,72,6,0,66,0,50,-3,G Minor,4,2f9wQ5Sk4RGL5WDHVi8TZ4,ITF252600161,no
29,"AL GOLPITO","Quevedo,Nueva Línea",206,4A,92,2026-06-23,03:27,85,"metal, nu metal, metal alternativo, rap metal, hard rock, dembow","EL BAIFO",2026-04-24,34,9,0,78,30,10,-4,F Minor,4,6LD1tYOKReFqZh5ZdCdxIz,ES03H2600027,no
30,"POR TI","Yapi,SOUNDPLUG",93,12A,46,2026-06-23,01:55,80,"reggaetón, latina, timba","POR TI",2026-02-19,67,33,0,46,30,0,-11,C♯/D♭ Minor,3,3Ip1sc72P5uz8BUB9kb4QQ,BK4DA2612833,no
31,"Lo Tengo Yo","Lenier,Mauro El Código Secreto",97,10A,80,2026-06-23,03:27,47,"timba, reggaetón, latina","Lo Tengo Yo",2023-10-27,75,31,0,26,0,30,-5,B Minor,4,6y7TzUD7phGSNaoJEkw3nQ,QMFME2387961,no
32,"La Diferente","Lenier,Gente De Zona",100,10B,91,2026-06-23,02:57,43,"timba, reggaetón, latina","La Diferente",2024-09-26,78,6,0,45,0,10,-4,D Major,4,6bavnLz1j2sHMLdQZt600n,USNPW2400924,no
33,"La primavera trompetera","Los Delinqüentes",114,11B,81,2026-06-23,04:12,63,"timba, salsa","El Verde Rebelde Vuelve",2005-02-21,77,27,0,92,0,60,-5,A Major,4,0CpOanyNd3l3X1Nqkyd6TB,ES5080400611,no
34,"Será","El Duende Callejero",104,6B,91,2026-06-23,03:09,32,"flamenco, flamenco pop","Será",2025-08-01,75,19,0,70,0,10,-3,A#/B♭ Major,4,5Vw13gCbUArIka4covEWPn,ES6102529501,no
35,"Un Mundo Nuevo","Salistre",97,6B,80,2026-06-23,02:57,42,"","Un Mundo Nuevo",2026-03-20,66,40,0,82,10,10,-6,A#/B♭ Major,4,7gcvkg8nS4Ir9fdHorrUbs,ES6102621711,no
36,"Me Quedo","Nya de la Rubia",135,10B,63,2026-06-23,02:40,20,"latina","Me Quedo",2026-03-06,77,70,0,77,0,10,-6,D Major,4,0d6ZwL2OVp0eksGc8fdqfB,QM4TX2657057,no
37,"Dos Amantes","TINI,Ulises Bueno",148,10B,90,2026-06-23,03:08,74,"flamenco, flamenco pop, flamenco urbano, timba","Dos Amantes",2026-03-19,68,1,0,96,0,30,-5,D Major,4,5Nnd7tvjwHjexXjhbl0WSD,USHR12652960,no
38,"Apambichao","Manuel Turizo,Maluma",152,11A,74,2026-06-23,02:27,70,"flamenco, flamenco urbano, flamenco pop, timba","Apambichao",2026-03-05,52,26,0,92,30,20,-5,F#/G♭ Minor,4,2bGtRhJdSGIjxrBtewOJqV,QZDYA1800628,no
39,"CAMBIARÉ","Luis Fonsi,Feid",97,5A,72,2026-06-23,03:01,71,"flamenco, flamenco pop, flamenco urbano","CAMBIARÉ",2026-01-21,66,37,0,85,0,30,-3,C Minor,4,0DHkA97Q6SWz7uanmsCy8u,USUM72512710,no
40,"LA NENA DE ARGENTINA","Maria Becerra",170,4A,58,2026-06-23,02:31,60,"trap latino, reggaetón","LA NENA DE ARGENTINA",2022-12-08,53,10,0,89,10,10,-5,F Minor,4,0Dl34Kegtc0y0m0oPhQfiI,USAT22221827,yes
41,"Ayer La Vi (BPA26)","Juan Magán,Omar Montes",130,9A,63,2026-06-23,02:50,69,"reggaetón, champeta, ","Ayer La Vi (BPA26)",2026-02-27,73,10,0,96,0,40,-9,E Minor,4,50SSJV9VPpvO7bZwK5ZjRa,ES5022600135,no
42,"CUCARACHEO","Sebastian Yatra,Jay Kabalan",128,9B,86,2026-06-23,02:33,61,"flamenco pop, flamenco, reggaetón, urbano latino","CUCARACHEO",2026-02-13,74,6,0,83,0,10,-4,G Major,4,5NMexEjiw22qnc3GxKtJuW,USUM72600653,no
43,"No Bailes Sola (NSM25)","Juan Magán,Lucho RK",128,8B,81,2026-06-23,03:03,60,"reggaetón, champeta, ","No Bailes Sola (NSM25)",2025-06-27,66,1,0,77,0,10,-4,C Major,4,4Zbv2Kn089ZkPv5BNozjWd,ES31G2500501,no
44,"Feo Fuerte y Formal","Loquillo Y Los Trogloditas",126,4A,88,2026-06-23,04:02,60,"flamenco, flamenco pop, flamenco urbano","Feo, Fuerte y Formal",2001-00-00,72,5,0,91,0,20,-6,F Minor,4,24w139jhWNnuQjnlhlzLvi,ES5050100292,no
45,"CANIJO","Judeline",84,7A,47,2026-06-23,02:21,58,"flamenco, flamenco pop, flamenco urbano","CANIJO",2023-06-15,58,57,0,41,30,10,-8,D Minor,5,0tHzUXLKk7p0wzMZMMEl8y,USA2P2329245,no
46,"La savia en mis venas - Sky","Caracol Televisión,Alisson Joan",166,10A,56,2026-06-23,02:59,56,"reggaetón","La Reina del Flow 3 (Álbum completo)",2025-03-21,73,18,0,53,30,0,-9,B Minor,4,1ag0aC2jmJWg5TKPloFcG5,QM6MZ2595316,no
47,"Otra Lenta","Fondo Flamenco",105,9B,82,2026-06-23,03:24,54,"flamenco, flamenco urbano, flamenco pop","Flamenkito Puroh",2023-04-13,67,61,0,85,20,0,-7,G Major,4,1DUzs8lA6Qs0Ffs0hG11XB,ESUM72301375,no
48,"After Party","Gente De Zona",124,4A,80,2026-06-23,02:37,54,"reggaetón, latina","Demasiado",2024-04-18,85,50,0,79,0,0,-3,F Minor,4,1SUN7eeCyhKY08FxWBde8U,QZXK92300007,no
49,"LOS DESPECHAOS","Dale Pututi,Nesty,Dale Pututi & Nesty,Tito  El Bambino ",172,7B,87,2026-06-23,03:10,60,"flamenco pop, flamenco","LOS DESPECHAOS",2026-02-06,47,11,0,63,20,20,-4,F Major,3,4pFZmCR4RtuQHwji7fEbxW,QT2JQ2600441,no
50,"Mi Primavera","Alejandro Astola",100,12B,51,2026-06-23,03:37,63,"flamenco pop, flamenco","Mi Primavera",2025-05-30,68,78,0,73,0,10,-7,E Major,3,3rWwg2WlKgc0yul59UcYV9,ES6102528703,no
51,"Las guapas","Alejandro Sanz",120,8A,73,2026-06-23,03:30,69,"","¿Y ahora qué +?",2025-11-21,91,2,0,93,20,10,-6,A Minor,4,2USuWC60sd6pQtTjH7lv4Z,ES5022501254,no
52,"Super Estrella (feat. Omega El Fuerte)","Fuego,Omega El Fuerte",117,12A,58,2026-06-23,03:51,46,"reggaetón, ","La Musica Del Futuro Reloaded (Chosen Few Edition)",2012-11-20,80,3,6,89,0,10,-12,C♯/D♭ Minor,4,2daWE57mHQpK6I7pX7zwRP,USASN1202584,no
53,"Los Borrachos No Mienten","Lérica,Sarayma",100,7A,83,2026-06-23,02:53,54,"rkt, turreo, cuarteto, cumbia","Los Borrachos No Mienten",2026-01-16,65,30,0,79,0,30,-3,D Minor,4,7yeuZXsNeF2kXgNWR1Y1KF,ES5152501579,no
54,"Solita","Nesty,Dani J",130,3A,91,2026-06-23,03:07,31,"","Solita",2024-11-22,76,3,0,92,0,60,-2,A#/B♭ Minor,4,6vCuBTBJN3BfKwVoOvvoz9,QT2JQ2500062,no
55,"Arrebato de Amor","Silvia Expósito,Natalia Alegrías,Noelia Cazalla",88,3B,46,2026-06-23,04:09,28,"reggaetón, latina, urbano latino, trap argentino, trap latino, guaracha, electrónica, tribal house","Arrebato de Amor",2022-06-23,45,42,0,58,10,10,-10,C♯/D♭ Major,4,0a2WfYCo5jCQvurHpnbdMB,ESA092203486,no
56,"Por un Pendejo no se llora","Manuel Turizo",122,11B,80,2026-06-23,02:31,73,"flamenco, flamenco urbano, flamenco pop","Por un Pendejo no se llora",2026-01-15,80,30,0,96,0,10,-4,A Major,4,4VPl3WGYKxQG8EVis7uLDt,QZDYA1800609,yes
57,"Pimp - Remix","Fede Mangeon",98,3B,68,2026-06-23,02:34,52,"bachata, salsa, kizomba","Pimp (Remix)",2018-03-14,93,4,0,90,10,10,-6,C♯/D♭ Major,4,66cJ3mgfrbu2LkzJydPQrt,QZHZ62059789,yes
58,"la patadita","Beéle,Elvis Crespo",75,8B,83,2026-06-23,02:28,65,"electro house, edm, pop latino","la patadita",2025-12-16,70,11,0,85,0,30,-4,C Major,4,2B4kxkpv5OuB5b23XlZYTt,QZ7B82500501,no
59,"Despierto Amándote","Miranda!,bailamamá",124,1A,71,2026-06-23,02:57,52,"reggaetón, urbano latino, flamenco, flamenco pop, flamenco urbano","Despierto Amándote",2025-12-18,79,0,1,54,0,10,-5,G#/A♭ Minor,4,3EmUUbEUQgOtN7WQOqsi0U,ARF102500460,no
60,"SUPERESTRELLA","Aitana",136,2B,85,2026-06-23,03:03,87,"merengue, latin dance, salsa, latina","CUARTO AZUL",2025-05-29,79,19,0,58,0,20,-5,F#/G♭ Major,4,6hpuesKPNa3WhV48O7Fa47,ESUM72500492,yes
61,"Bizum (Qué Tienen Tus Ojos)","Tutto Durán,Nacho",125,8B,76,2026-06-23,02:16,11,"timba","No Soy Bachatero",2025-05-30,79,7,0,95,0,10,-7,C Major,4,2JgfDySTChCvvqpmx3Xn03,QZNJW2502894,no
62,"LA SANTA","Lola Indigo",136,9B,67,2026-06-23,02:45,42,"","LA SANTA",2023-03-16,76,3,0,48,0,10,-5,G Major,4,3TcSNX1WhlcVAI6fLWt7Qs,ESUM72200147,no
63,"J Balvin: Bzrp Music Sessions, Vol. 62/66","Bizarrap,J Balvin",130,7A,79,2026-06-23,03:10,72,"","J Balvin: Bzrp Music Sessions, Vol. 62/66",2025-12-26,77,31,0,51,0,10,-5,D Minor,4,04YMLAsyIAe1sLb6RO5YcC,UYB282554534,no
64,"Dame Una Noche Más (Party Mashup)","Trave Dj,Adri Naranjo",128,6A,96,2026-06-23,03:35,46,"cuarteto, cumbia, bachata, timba, salsa","Dame Una Noche Más (Party Mashup)",2025-02-11,68,19,0,86,0,20,-5,G Minor,4,7lmwdwJDqcJUDEOuplo5Eg,QZES82547929,no
65,"Hoy lo vi pasar","Tifany Espectacular",130,10A,81,2026-06-23,03:34,38,"","Hoy lo vi pasar",2022-07-19,67,2,0,37,0,10,-7,B Minor,4,6tSKDCbkZFLIldrXoBuLTY,ESA012272099,no
66,"Caigo (Stumblin' In)","CYRIL,Abraham Mateo,Essa Gante",126,10B,77,2026-06-23,03:28,49,"salsa, bachata, trap argentino","Caigo (Stumblin' In)",2024-09-27,75,12,0,34,0,10,-5,D Major,4,0BFVoZViKatuNpRthpxIUP,NLZ542400681,no
67,"Lamento Boliviano - Versión Guaracha","Dr. Stev",128,9B,89,2026-06-23,04:20,41,"","Lamento Boliviano (Versión Guaracha)",2024-01-16,66,16,7,30,0,0,-6,G Major,4,5aBTGMnEc3duUujodGcVK8,QZMZ92067589,no
68,"Tonto por ti","Leire Martinez,Abraham Mateo",175,10B,82,2026-06-23,02:40,58,"bachata","Tonto por ti",2025-09-19,50,7,0,78,0,30,-5,D Major,4,1t1bKKW0yj0k4McaXhuEMs,ES5022501328,no
69,"te vas a inventar","MARLENA",159,1B,92,2026-06-23,02:52,56,"reggaetón, latina","entre cuatro paredes y una verdad",2024-10-25,53,3,0,64,0,30,-4,B Major,4,2mwBnVAy3Fwbia8K5nai7q,ES05I2400004,no
70,"Dardos","Romeo Santos,Prince Royce",127,7B,73,2026-06-23,04:03,88,"tropipop, reggaetón, pop latino","Better Late Than Never",2025-11-28,74,22,0,66,0,10,-5,F Major,4,5SudOD9R1Of6CsJVWZy6CQ,USSD12500703,no
71,"La Morocha","Luck Ra,BM",149,9B,77,2026-06-23,02:14,74,"afrobeat latino, bachata, latina","La Morocha",2023-07-07,75,10,0,97,0,20,-6,G Major,4,7aPsseax6rNFyipHn9A5CR,CLPP22300045,no
72,"Hoy Lo Siento (feat. Tony Dize)","Zion,Lennox,Tony Dize",92,8B,79,2026-06-23,03:46,69,"pop latino, bachata, latina, italo dance","Los Verdaderos",2010-11-02,77,8,0,58,10,0,-6,C Major,4,0zOTCXeKyojEa4kNkUqrQK,USB271010140,no
73,"Sarà perché ti amo","DJ Matrix,Matt Joe,Carolina Marquez",128,12B,87,2026-06-23,02:43,61,"reggaetón, trap latino, urbano latino","Musica da giostra, Vol. 5",2020-02-21,70,39,0,47,0,60,-1,E Major,4,7kLF4qbwgmeryXvrFmkHAb,ITK191800012,no
74,"Ponte la sonrisa","Los ídolos",198,12A,62,2026-06-23,02:02,28,"pop latino","Dia de Sol",2025-11-01,54,9,0,66,0,20,-11,C♯/D♭ Minor,4,6AIG16C0ekJadAPyc64ZZO,GXHUT2583874,no
75,"capaz (merengueton)","Alleh,Yorghaki",127,2A,61,2026-06-23,02:53,19,"pop latino, ","capaz (merengueton)",2024-11-20,87,8,0,79,10,10,-6,D#/E♭ Minor,4,3QbfCvCAOCrSGNcGjtOjYM,USLD91766968,no
76,"Oh Na Na","Camila Cabello,Myke Towers,Tainy",115,8B,86,2026-06-23,03:23,53,"tropipop, pop urbano, reggaetón, urbano latino, neoperreo","Oh Na Na",2021-10-29,74,7,0,69,0,0,-3,C Major,4,03NqHNdG3Ur6kciQWK6e8V,USSM12105951,no
77,"Si Antes Te Hubiera Conocido","KAROL G",128,1B,67,2026-06-23,03:15,85,"afro house","Si Antes Te Hubiera Conocido",2024-06-21,92,45,0,79,0,0,-7,B Major,4,6WatFBLVB0x077xWeoVc2k,USUG12400968,no
78,"Dime Si Te Vas Con Él","Flex,Mr. Saik",96,4A,82,2026-06-23,03:55,61,"flamenco, flamenco pop, flamenco urbano, ","La Evolución Romantic Style",2009-01-01,79,26,0,62,0,20,-5,F Minor,4,4p1EW0DhhmG7YrpTLmJAag,MXF650800113,no
79,"Despeinada","Ozuna,Camilo",166,4B,78,2026-06-23,03:44,77,"","ENOC",2020-09-04,73,19,0,72,0,10,-4,G#/A♭ Major,4,0JAZWvvqttGFm4UMDsPQXC,USXDR2000590,no
80,"Luck Ra: Bzrp Music Sessions, Vol. 61/66","Bizarrap,Luck Ra",160,5A,89,2026-06-23,02:50,70,"afrobeat latino","Luck Ra: Bzrp Music Sessions, Vol. 61/66",2024-12-27,70,6,0,64,10,10,-5,C Minor,4,5AGnkbWCiF9u4ra54N9X1a,UYB282456801,no
81,"GOLFO X DESPECHO","Lérica,Abraham Mateo,CLARA",130,3B,79,2026-06-23,02:49,58,"bachata, reggaetón","GOLFO X DESPECHO",2024-11-01,76,6,0,93,0,20,-4,C♯/D♭ Major,4,3mOP0148Z2lExKw4Jv8oZT,ES5152401082,no
82,"Indeciso","Reik,J Balvin,Lalo Ebratt",95,8B,75,2026-06-23,03:37,74,"italo dance, reggaetón, latina","Indeciso",2019-08-23,74,18,0,90,0,10,-5,C Major,4,59s0s39NFWScuHDbHytI14,USUM71915898,no
83,"la victoria","MARLENA",152,5B,72,2026-06-23,03:16,52,"reggaetón, latina","la victoria",2025-09-25,54,0,0,23,0,10,-5,D#/E♭ Major,4,2nVZyNOFeTqPKHDk5NEAUC,ESUM72500989,no
84,"Hoy","Mindblow,Briana Timari,OZLEMEK,Centyes",117,1B,94,2026-06-23,02:36,44,"reggaetón, urbano latino, flamenco, flamenco pop, flamenco urbano, dembow, timba","Hoy",2025-09-12,72,23,0,65,0,0,-4,B Major,4,2uAqxgydoAylRvK5MRPVLe,DGA052500090,no
85,"Fiebre - Prod. King DouDou","Bad Gyal",98,9B,72,2026-06-23,04:07,8,"italo dance","Slow Wine Mixtape",2016-11-11,42,27,0,24,0,20,-6,G Major,4,5xtxxuIqInrLDSfjA6Co3o,ES71G1637592,no
86,"Una Noche Más","TINI",128,10A,86,2026-06-23,02:39,66,"flamenco, flamenco pop, flamenco urbano","Una Noche Más",2025-10-09,81,4,0,48,10,50,-3,B Minor,4,6hl4VqVrqMgHYibqtmjpI7,USHR12551427,no
87,"Culpita del Amor","Luis Cortés,Marta Santos",100,8B,87,2026-06-23,02:37,61,"reggaetón","Culpita del Amor",2025-10-17,73,18,0,68,0,10,-6,C Major,4,0xH74lqY87kzzCFodO10kZ,USA2P2551676,no
88,"Ay Mi Dios","El Duende Callejero",100,8B,84,2026-06-23,03:46,55,"flamenco, flamenco pop","Ay Mi Dios",2025-10-09,68,8,0,74,0,20,-4,C Major,4,0FLqjcl5tEYzLMQ54SROFI,ES6102529502,no
89,"Héroe Sin Capa - Prod. by Mauro El Código Secreto x Michel Boutic","El Dany MG,Harryson,Mauro El Código Secreto,Michel Boutic",174,1A,79,2026-06-23,02:49,51,"reggaetón, latina","Héroe Sin Capa",2025-09-19,71,12,0,84,10,10,-6,G#/A♭ Minor,4,06SBKoKBQqw9bvAXu5IBBq,QZYFZ2504035,no
90,"El Teléfono","Héctor  El Father ,Wisin & Yandel",90,10B,68,2026-06-23,03:55,83,"reggaetón, música popular colombiana, trap latino, ","The Bad Boy",2006-01-01,81,17,0,49,10,40,-7,D Major,4,614NVFo5csQqRnryl4jXs2,USUM70603927,no
91,"Daddy Yankee: Bzrp Music Sessions, Vol. 0/66","Bizarrap,Daddy Yankee",114,9A,86,2026-06-23,02:31,82,"reggaetón","Daddy Yankee: Bzrp Music Sessions, Vol. 0/66",2025-11-05,81,21,0,54,0,10,-4,E Minor,4,2uPMsTEKx79gJ8rB3AcT0v,UYB282546130,no
92,"Fanatica Sensual","Plan B",82,3B,85,2026-06-23,04:00,77,"flamenco, flamenco pop","Love and Sex",2014-09-09,81,11,0,89,0,0,-4,C♯/D♭ Major,4,1DrDfpOx4P4LMxFhtOmeyD,USB271400503,no
93,"no tiene sentido","Beéle",122,7A,60,2026-06-23,02:38,87,"electro house, edm","BORONDO",2025-05-15,67,9,0,50,0,10,-8,D Minor,4,1HEwEN64NjgTaHmo7LfkX8,QZ7B82500302,no
94,"Bailando por Ahi","Juan Magán",130,9A,73,2026-06-23,03:00,72,"reggaetón, champeta","The King Of Dance",2012-05-14,73,4,0,97,0,20,-5,E Minor,4,6sHBvzRsuGunQTfCk18KXi,ES5021100308,no
95,"si te pillara","Beéle",104,7B,67,2026-06-23,03:04,82,"electro house, edm","BORONDO",2025-05-15,50,59,0,34,0,40,-6,F Major,4,1C7NXX8UJ6pgNx8EkmyZDd,QZ7B82500397,no
96,"mi refe","Beéle,Ovy On The Drums",123,6A,65,2026-06-23,02:39,83,"electro house, edm, afrobeat latino, reggaetón","BORONDO",2025-05-15,64,40,0,44,20,10,-5,G Minor,4,4zhk2RS2EZODmBW6il55Qj,QZ7B82400138,no
97,"NI BORRACHO","Quevedo",153,8A,82,2026-06-23,04:08,79,"metal, nu metal, metal alternativo, rap metal, hard rock","EL BAIFO",2026-04-24,61,22,0,95,0,0,-3,A Minor,4,55ADnsCq80j9s8tzSrXKW1,BK4DA2609602,no
98,"Verano Rosa","KAROL G,Feid",120,8B,70,2026-06-23,03:30,85,"afro house, flamenco pop, flamenco, flamenco urbano","Tropicoqueta",2025-06-20,79,14,0,55,0,10,-4,C Major,4,0nafF9MxcXJBQWv3BTKtdF,USUG12504525,no
99,"Vagabundo","Sebastian Yatra,Manuel Turizo,Beéle",127,10A,84,2026-06-23,03:35,78,"flamenco pop, flamenco, flamenco urbano, electro house, edm","Milagro",2025-05-16,81,4,0,87,0,20,-4,B Minor,4,68nZjz3bLH1MM0cURT1YVH,USUM72305982,no
100,"Ella No Sigue Modas","Juan Magán,Don Omar",128,8B,85,2026-06-23,03:54,53,"reggaetón, champeta, flamenco, flamenco urbano, flamenco pop","The King Of Dance",2012-05-14,69,1,0,90,0,0,-5,C Major,4,0x6UyfOikAQ7GpiGaYaPey,ES5021200282,no
101,"Una en un Millón","Alexis y Fido",95,9A,71,2026-06-23,03:28,68,"timba","Una en un Millón",2015-11-17,86,35,0,56,0,10,-5,E Minor,4,4SrcC7RYF496LSwl0XKdi1,QMEU31516773,no
102,"Virtual Diva - Remix","Hottie",147,5A,86,2026-06-23,02:13,40,"afro house, house latino","Virtual Diva (Remix)",2023-06-26,67,0,32,56,0,10,-7,C Minor,4,1uq1Pgqd8kcAUYdZyliU5D,QZMER2326440,no
103,"Orgullo","El Barrio",108,9B,94,2026-06-23,04:15,62,"timba","La Voz de Mi Silencio",2007-10-15,78,12,0,94,0,20,-5,G Major,4,4xD3uniBa4chEGsQm1cjJL,ES5160700794,no
104,"Chica Latina","Juan Magán,Salgado",128,11B,73,2026-06-23,03:47,48,"reggaetón, champeta, ","The King Of Dance",2012-05-14,67,3,0,88,10,0,-4,A Major,4,2BJWL3ZPJ2Ndlz2tS6RoXo,ES5021100422,no
105,"Pasado Pisado","Comando Tiburon",129,4B,85,2026-06-23,03:21,63,"afro house","Pasado Pisado",2023-03-24,81,10,0,91,0,0,-5,G#/A♭ Major,4,6Gqr73FGnlhtdBNluxJVJI,MX3192305479,no
106,"Mi Reina","Henry Mendez",128,10B,93,2026-06-23,03:11,57,"reggaetón","Dale Mambo",2014-06-03,81,5,0,96,0,20,-5,D Major,4,5pl6anmN4tr564vO53AxBv,ES16I1300008,no
107,"Purpurina","Alberto Gambino",132,11B,64,2026-06-23,03:12,59,"reggaetón","Purpurina",2019-03-15,89,14,0,97,0,20,-6,A Major,4,4FrThBco0jLqXEMULUhSM9,ESA011910632,no
108,"Entre la Playa Ella y Yo","Big Yamo,Vato 18k",85,4B,86,2026-06-23,03:05,69,"reggaetón","Big Yamo o Nada",2013-04-27,64,48,0,97,0,20,-4,G#/A♭ Major,4,1tvdNGCcgAhYaYq7ouIYGJ,USCGJ1386459,no
109,"Noche de Estrellas","José de Rico,Henry Mendez,Jay Santos",128,1B,91,2026-06-23,03:21,56,"reggaetón, latina, urbano latino","Noche de Estrellas",2012-06-11,73,19,0,89,0,30,-4,B Major,4,2pbLzrByOZPibnYwSXLplI,ES1611200139,no
110,"Motívate","Danny Romero",128,2B,84,2026-06-23,03:26,53,"","Motívate",2013-06-25,71,0,0,62,0,10,-5,F#/G♭ Major,4,6zlgKpuinRi075R2L3juPB,ES31G1303001,no
111,"Lo Que Paso, Paso","Daddy Yankee",97,1A,74,2026-06-23,03:37,0,"reggaetón","Hip Hop and Reggaeton Revolution (Excluded Version)",2006-01-01,82,11,0,84,0,30,-7,G#/A♭ Minor,4,5BpxofKiRYnOckOKDJZAd6,USUL10500114,no
112,"Una Vaina Loca","Fuego",117,3B,67,2026-06-23,03:08,1,"reggaetón","Una Vaina Loca",2011-11-02,80,19,0,72,0,0,-13,C♯/D♭ Major,4,3zb856RMKFjdvWre0TKcmA,QMFME1322838,no
113,"Dale Don Dale","Don Omar",95,11A,85,2026-06-23,03:34,0,"flamenco, flamenco urbano, flamenco pop","Obsesión Latina",2004-06-20,83,3,0,81,0,10,-6,F#/G♭ Minor,4,4WEJrZwPMwsAUks6GOhnsz,ES7510930802,no
114,"Dile","Don Omar",94,11B,70,2026-06-23,03:25,71,"flamenco, flamenco urbano, flamenco pop","Dile/Intocable",2005-01-01,83,19,0,74,10,0,-8,A Major,4,72YHgP5Zueyh9ilIjkaEaB,USUL10401651,no
115,"Adrenalina (feat. Jennifer Lopez & Ricky Martin)","Wisin,Jennifer Lopez,Ricky Martin",125,7B,94,2026-06-23,03:55,69,"techengue, flamenco","El Regreso del Sobreviviente (Deluxe Edition)",2014-03-18,69,9,0,76,10,0,-3,F Major,4,2eqDUxbd0JPEhNrJdPlHLs,USSD11300395,no
116,"Como Tu No Hay Dos","Buxxi",126,2B,90,2026-06-23,03:46,0,"","Como Tu No Hay Dos",2011-10-31,59,3,0,78,0,30,-5,F#/G♭ Major,4,5g2cx0mZFmCNp4GexaifFl,ES8621100601,no
117,"Te Pintaron Pajaritos","Yandar & Yostin,Andy Rivera",96,11B,77,2026-06-23,02:52,0,"reggaetón, ","Te Pintaron Pajaritos",2016-12-30,89,9,0,94,10,10,-6,A Major,4,419w8oZaqevgyZfdvFZEHa,QZ5AB1645078,no
118,"Rueda, Rueda","Eddy Lover",130,5A,85,2026-06-23,03:28,0,"reggaetón, trap latino, latina, urbano latino","Rueda, Rueda",2014-04-08,74,10,0,87,0,0,-5,C Minor,4,58PqAWDqA6mfcQKt45nEax,ES16I1400041,no
119,"Me Emborracharè","Grupo Extra",124,10A,88,2026-06-23,03:59,55,"flamenco","Salsa Classics - The Best Latin Hits of All Times",2021-06-11,70,13,0,83,0,30,-3,B Minor,4,6Dz1e7dioURyYCP26FGLF6,CH9181800019,no
120,"Princesas","Pereza",132,9B,85,2026-06-23,03:36,67,"","Animales",2005-04-07,68,6,0,71,0,30,-4,G Major,4,3hlWUNjAlbZ6nOjAbrivBv,ES5020500059,no
121,"Caminando por la vida","Melendi",108,7B,96,2026-06-23,03:31,68,"","Que El Cielo Espere Sentao..",2005-00-00,70,1,0,71,0,10,-4,F Major,4,3v1dCP3hk2djfWryqfp7sx,ES5080600400,no
122,"Aquí No Hay Playa","The Refrescos",168,11B,95,2026-06-23,03:37,55,"","The Refrescos",1989-01-01,58,28,0,95,0,10,-8,A Major,4,4PRJD9T23GQKQYKhJQcGGY,ES5709900391,no
123,"Ateo","C. Tangana,NATHY PELUSO",130,12A,74,2026-06-23,03:59,62,"reggaetón, latina, urbano latino, bachata","Ateo",2021-10-07,83,14,0,73,0,10,-4,C♯/D♭ Minor,4,5xiAfKzE3mbxYbOkUZPR11,ES5022101546,no
124,"Bien Duro","C. Tangana",101,9B,67,2026-06-23,03:02,54,"","Bien Duro",2018-06-22,85,16,2,69,20,10,-6,G Major,4,3joo84oco9CD4dBsKNWRRW,ES5021800325,no
125,"Todos los días sale el sol","Bongo Botrako",192,10B,91,2026-06-23,02:26,61,"timba","Todos Los Días Sale El Sol",2010-10-31,59,3,0,89,20,0,-4,D Major,4,1tmwswvJnwOIrskyCKVsgv,ES7311000083,no
126,"LA CANCIÓN","J Balvin,Bad Bunny",176,9B,65,2026-06-23,04:02,90,"pop latino, rock latino","OASIS",2019-06-28,76,15,0,43,30,10,-6,G Major,4,0fea68AdmYNygeTGI4RC18,USUM71911618,no
127,"Demasiadas Mujeres","C. Tangana",126,8A,46,2026-06-23,02:33,54,"","Demasiadas Mujeres",2020-10-08,67,13,0,37,30,10,-7,A Minor,4,2iUz95Osgl4fFZbNJ0xuoD,ES5022000710,no
128,"El Farsante","Ozuna",120,2B,70,2026-06-23,03:53,83,"","Odisea",2017-08-25,74,20,0,32,0,20,-4,F#/G♭ Major,4,5EId1m4DNwTf3at31w8bPJ,USXDR1700562,no
129,"La Historia","El Taiger,DJ Conds",100,6B,64,2026-06-23,03:57,0,"pop latino, ","La Historia",2020-10-23,91,28,0,55,10,0,-7,A#/B♭ Major,4,1e0XAUTcp9QwnD2JiWx1Hg,QZNJW2006987,no
130,"Pa' Madrid","El Barrio",167,3B,94,2026-06-23,04:20,0,"timba","La Voz de Mi Silencio",2007-10-15,63,24,0,93,0,10,-3,C♯/D♭ Major,4,3G0C3Z9H9CLejvrkWbGBb7,ES5160700786,no
131,"Quien Dijo Amigos","Carlitos Rossy",88,1B,84,2026-06-23,03:43,0,"flamenco","Quien Dijo Amigos",2016-05-24,76,34,0,91,0,0,-5,B Major,4,5mmeEKfSZZiggiRsNF5kot,ES5021600325,no
132,"Mala Mujer","C. Tangana",101,5A,73,2026-06-23,03:42,68,"","Mala Mujer",2017-05-26,84,24,0,47,10,0,-5,C Minor,4,6puxHBNwu2Nmm7uD3Rd2MP,ES5021701596,no
133,"Clavado en Un Bar","Maná",148,1B,85,2026-06-23,05:10,81,"","Sueños Líquidos",1997-00-00,63,1,0,56,0,0,-3,B Major,4,78DVpEWwmJFC25KGz8fJuE,MXF159700094,no
134,"Callaita","Bad Bunny,Tainy",176,10B,62,2026-06-23,04:10,78,"pop latino, rock latino, neoperreo","Callaita",2019-05-31,61,60,0,24,30,20,-5,D Major,4,2TH65lNHgvLxCKXM3apjxI,QM6N21919851,yes
135,"El Perdón (with Enrique Iglesias)","Nicky Jam,Enrique Iglesias",180,4B,69,2026-06-23,03:25,80,"flamenco pop, flamenco, flamenco urbano, bachata","Fénix",2017-01-20,63,44,0,66,0,10,-6,G#/A♭ Major,4,7qCAVkHWZkF44OzOUKf8Cr,USSD11500005,no
136,"Limón y Sal","Julieta Venegas",111,1B,65,2026-06-23,03:25,0,"flamenco pop, flamenco","Limón y Sal",2006-05-25,63,14,0,49,0,20,-6,B Major,4,4DKIsyQvxNwcCIWdryyC9I,MXF010600234,no
137,"Devuélveme a mi chica","Hombres G",173,8A,94,2026-06-23,03:14,61,"rock en español, rock latino, rock mexicano, pop latino","Lo Mejor De Los Hombres G",1999-03-26,59,2,0,39,0,10,-5,A Minor,4,6pYbhX5gYix4ESpbSUArnA,ES5018572005,no
138,"Me Muero","La Quinta Estacion",170,7B,74,2026-06-23,03:09,78,"reggaetón","El Mundo Se Equivoca",2006-08-15,42,17,0,59,0,20,-3,F Major,4,3ri9fLG89OdSpjxheYxU7S,MXF010600412,no
139,"Ni Una Sola Palabra","Paulina Rubio",130,4A,80,2026-06-23,03:44,0,"","Ananda",2006-01-01,76,4,0,64,0,10,-4,F Minor,4,52IreIJblsuK0SAJDIIh6v,MXUM70600579,no
140,"Moriría por vos","Amaral",105,8B,73,2026-06-23,03:47,61,"trap latino, dembow, reggaetón, trap","Estrella De Mar",2002-02-04,68,28,0,74,0,10,-5,C Major,4,2Ec0VmnItt52GPU6A9Vya3,ES5030200002,no
141,"Mari Carmen","La Pegatina",160,11B,86,2026-06-23,02:28,0,"","Xapomelön",2011-03-15,72,8,0,84,0,0,-6,A Major,4,5ClKabzSX0QXnURNomxohE,ES7311100021,no
142,"Solo Se Vive una Vez","Azucar Moreno",102,2B,97,2026-06-23,03:31,6,"reggaetón, trap latino, latina, urbano latino","Esclava De Tu Piel",1996-05-06,74,5,0,98,0,0,-5,F#/G♭ Major,4,0ATzislS5SvAp69hjHczej,ES5110404988,no
143,"Bulería","David Bisbal",125,11A,91,2026-06-23,04:11,60,"","Bulería",2004-01-01,61,25,0,73,10,10,-4,F#/G♭ Minor,4,2s7WJ9IRON5zalNbfFY1xa,ES6010400020,no
144,"Mayonesa","Banda Latina Sol y Salsa",97,6B,99,2026-06-23,03:53,28,"","Todo Latino",2011-09-13,80,19,0,92,10,10,-2,A#/B♭ Major,4,5reiycxshADSr0mfX13mKS,USA371440887,no
145,"Echa Pa'lla (Manos Pa'rriba) (feat. Papayo)","Pitbull,Papayo",90,6B,84,2026-06-23,03:16,65,"timba, ","Global Warming",2012-11-16,46,6,0,96,20,0,-4,A#/B♭ Major,3,0fjRYHFz9ealui1lfnN8it,USRC11201341,no
146,"Mayores","Becky G,Bad Bunny",97,4A,86,2026-06-23,03:22,66,"tropipop, pop urbano, pop latino, rock latino","Mayores",2017-07-14,74,14,0,87,0,10,-4,F Minor,4,7JNh1cfm0eXjqFVOzKLyau,USRC11701270,no
147,"Duro y Suave","Leslie Grace,Noriel",95,3A,72,2026-06-23,03:27,62,"rock en español, rock mexicano","Duro y Suave",2018-01-19,77,11,0,62,10,0,-4,A#/B♭ Minor,4,31M5m42C3EGlbydf9XB5to,USSD11700398,no
148,"No Me Acuerdo","Thalia,NATTI NATASHA",94,6A,78,2026-06-23,03:37,68,"pop latino, ","Valiente",2018-11-09,84,18,0,75,10,0,-5,G Minor,4,1G586ld1gbaECg4Bc6w40O,USSD11800192,no
149,"Los Coches Chocones","Los Desgraciaus",160,4A,97,2026-06-23,04:40,0,"","Los Coches Chocones",2013-11-04,58,4,0,85,0,10,-4,F Minor,4,3fDPalBAY0MzPaAm0a3NpL,ES5331306153,no
150,"Es Gratis","Arnau Griso",132,12A,70,2026-06-23,03:10,50,"","Revolución Bananera",2018-09-14,74,30,0,93,0,30,-5,C♯/D♭ Minor,4,2nkUKzO4H7h2LpAMnTXVPr,ES5021800606,no
151,"Niña Bonita","Chino & Nacho",120,11B,91,2026-06-23,03:36,71,"","Mi Niña Bonita - Reloaded",2010-01-01,68,26,0,72,10,10,-5,A Major,4,4u5xLMRN0dgKBFFN8FiNgv,USUM70915449,no
152,"DROGA","Mora,C. Tangana",152,5A,89,2026-06-23,03:42,67,"","DROGA",2025-05-17,72,28,0,84,0,0,-5,C Minor,4,18D0Za12EKUYklBQaJlaDP,QM6P42540021,yes
153,"VEN DEVORAME OTRA VEZ","Guaynaa",160,5A,59,2026-06-23,06:06,55,"bachata, kizomba, latin dance, latina","Aguinaldo",2024-12-19,74,45,0,97,0,30,-9,C Minor,4,0cdKJgwwt2HeVJkiTX8wpl,BK4DA2462824,no
154,"this is the life tekkno","TEKKNO",95,12A,92,2026-06-23,03:29,3,"","this is the life tekkno",2022-10-04,65,0,3,6,0,10,-5,C♯/D♭ Minor,4,1V1dRk79rVQr0nJ0FDrJek,GX89G2221051,no
155,"FÍSICA O QUÍMICA","el quinqui",105,9B,98,2026-06-23,02:24,35,"","FÍSICA O QUÍMICA",2023-05-01,53,4,0,33,10,10,-4,G Major,4,4o4PT2GmT8zNvqkAE70F2x,QZHN82385252,no
156,"PUEDES CONTAR CONMIGO","María Escarmiento,BLNCO,detunedfreq",160,2B,96,2026-06-23,02:34,50,"hyperpop, reggaetón","PUEDES CONTAR CONMIGO",2022-10-28,58,13,0,53,0,10,-5,F#/G♭ Major,3,1uQ6NWzUWB7tMIAvXZ104N,BK4DA2202839,no
157,"Potra Salvaje - Hard Remix","Isabel Aaiún,Fernando Moreno",75,2B,85,2026-06-23,05:42,8,"pop latino, latina, villancicos","Potra Salvaje (Hard Remix)",2023-10-14,72,12,0,53,30,60,-4,F#/G♭ Major,4,4gdpQ6zuDsePnD1YIDJCRw,QZTB82355610,no
158,"TORERO - Hardstyle Version","Sirolo",160,12A,99,2026-06-23,02:21,40,"bachata","TORERO (Hardstyle Version)",2024-02-20,54,2,0,50,0,30,-4,C♯/D♭ Minor,4,7nFQtFxSFw9UIJYmEq9mOz,QZES72415145,no
159,"Mi Estrella Blanca","Hottie",128,3B,82,2026-06-23,02:50,40,"afro house, house latino","Mi Estrella Blanca",2023-08-23,78,0,1,13,0,10,-10,C♯/D♭ Major,4,3ZF1A4LIOEUSsBCPN1QN08,QZTAS2303662,no
160,"La Mujer del Pelotero - Marsal Ventura & Jbill Techno Remix","Iwaro,Marsal Ventura,Jbill",152,10A,100,2026-06-23,01:36,32,"flamenco, flamenco pop, merengue, reggaetón, latina, urbano latino, trap latino","La Mujer del Pelotero (Marsal Ventura & Jbill Techno Remix)",2023-10-06,74,0,56,82,0,0,-3,B Minor,4,6rTBM5u3SRKOEHZB48lJUG,ES98D2300332,no
161,"Te voy Hacer Bailar","Poxistyle",182,4B,66,2026-06-23,03:10,36,"villancicos","Te voy Hacer Bailar",2023-06-30,32,0,11,18,10,60,-10,G#/A♭ Major,4,6mEIiXsfKPYNWgM2Ksa4zs,QZNWQ2323744,no
162,"Himno (para los que están jodidos) - DJ Nano Remix","La La Love You,DJ Nano,Allison",148,11B,98,2026-06-23,03:09,1,"rock en español, rock latino, rock mexicano, pop latino","Himno (para los que están jodidos) [DJ Nano Remix]",2023-06-16,63,0,0,75,0,20,-2,A Major,4,0NxbfkrP04nOVi0pZsF89O,ES6062300401,yes
163,"Ave Maria","Jayxme,Monjez",160,5A,79,2026-06-23,02:25,50,"techno, tekno, hipertechno","Ave Maria",2024-02-01,75,8,0,51,30,70,-7,C Minor,4,6pXMZnkZeNfgo0HXx1rF13,TCAHW2425295,no
164,"Lamento Boliviano - XTM Remix","Dani Mata",135,10A,96,2026-06-23,03:24,45,"indie","Lamento Boliviano (XTM Remix)",2007-01-01,59,12,10,83,0,10,-4,B Minor,4,5dTu7wlWpjJxYXxgbNNfdG,ES5700703069,no
165,"2 Hombres y un destino","Dany Bpm,Bacardit,Dany Mixtika",75,10B,96,2026-06-23,02:42,42,"indie, cantautores","2 Hombres y un destino",2025-01-24,47,0,0,66,10,0,-3,D Major,4,1yN6ZaSe7DPUY4hJbfgZKY,ES98D2400359,no
166,"Tu Calorro","Javi Guzman,La Madre Del Topo",176,8B,88,2026-06-23,03:01,43,"pop latino, afrobeat latino","Tu Calorro",2024-02-29,62,0,0,32,0,30,-3,C Major,4,2i7uQ7iOPIJN6akvyoEJrp,QZES52451220,no
167,"Las De La Intuición VS Estoy Aqui (Mashup) - Remix","Tincho & Javi,PAM Remixes",128,7B,94,2026-06-23,03:16,50,"indie, pop latino","Las De La Intuición VS Estoy Aqui (Mashup) - Remix",2025-03-14,67,0,0,67,0,0,-4,F Major,4,13cilGpBlU6gcLC6giISbu,ES75E2503686,no
168,"Droga x Estrellita de Madrugada","Paquillo Castro",160,5A,88,2026-06-23,03:55,16,"","Droga x Estrellita de Madrugada",2025-05-29,70,24,0,91,0,10,-5,C Minor,4,3TyDQS0857PYTbFcvWl9bG,QZTAU2586635,no
169,"Esta Soy Yo (Hard Dance Edit)","Alberto Rodrigo",138,7B,89,2026-06-23,02:41,44,"","Esta Soy Yo (Hard Dance Edit)",2024-08-16,69,13,0,59,0,0,-5,F Major,4,4KMNARkcdhACGiZpj5YfZJ,QZNJZ2475471,no
170,"No Te Vistas Que No Vas","K-Narias",95,7A,77,2026-06-23,03:16,2,"","40 Entre las 2",2005-09-27,81,10,0,88,0,10,-5,D Minor,4,5Yi3tEZN4On5Ttk32FYpao,ESAAI0269443,no
171,"Barquito","Tito  El Bambino ",100,1A,83,2026-06-23,03:43,60,"flamenco pop, flamenco","Invencible (El Patrón)",2014-03-26,79,16,0,87,10,20,-7,G#/A♭ Minor,4,4d6mECR6gBa74WRyNcHY03,TCABW1421904,no
172,"El Amor","Tito  El Bambino ",103,1B,76,2026-06-24,04:07,48,"flamenco pop, flamenco","El Patrón",2009-10-10,67,19,0,64,0,10,-8,B Major,4,4jUivlRr5KY3BaSc3vwNA8,ES7511554301,no
173,"Lo que podría salvarnos","Shinova",82,5B,80,2026-06-24,03:44,55,"urbano latino, trap latino","Lo que podría salvarnos",2026-02-04,34,5,0,48,0,20,-5,D#/E♭ Major,4,5EHV04ZCwjTLrI9CAe64g3,ES5152501560,no
174,"Amor Infinito","Siloé",151,8B,86,2026-06-24,04:21,66,"hard house, bounce","Terrorismo Emocional",2026-05-08,25,9,0,30,10,10,-4,C Major,4,32tQ7JgyVRiHJO1h12bvxx,QZTVM2609431,no
175,"Suspender adulto","Paula Mattheus",120,1B,71,2026-06-24,03:21,55,"eurodance","Todo lo alto que quiera",2026-02-06,79,44,0,70,0,10,-4,B Major,4,4W9FR2qTpBRA8lrDhzqu6H,DGA082556602,no
176,"MOJA1TA","Lola Indigo",130,10A,69,2026-06-24,02:24,55,"","MOJA1TA",2025-06-12,77,4,0,78,0,0,-5,B Minor,4,5HPNYgjgYWdpB7x6rNDWCM,ESUM72500589,no
177,"Amor, Amor, Amor","Funambulista",130,10B,91,2026-06-24,02:34,58,"","180º, Vol. 1",2025-01-17,59,0,0,57,0,10,-3,D Major,4,4TZWUXMjuaHTw0bp6xPr40,ES71G2500042,no
178,"ALGO TÚ","Shakira,Beéle",120,6A,87,2026-06-24,03:33,79,"afro house, afro tech, house latino, tribal house, electro house, edm","ALGO TÚ",2026-03-04,64,1,0,37,10,40,-5,G Minor,4,1dHbcmMm9bov1q4lG7Q4nQ,USSD12600053,no
179,"TU VAS SIN (fav)","Rels B",101,6B,57,2026-06-24,01:50,89,"techengue, cumbia","afroLOVA 25'",2025-06-20,88,7,0,28,10,20,-6,A#/B♭ Major,4,6uiQ0DqbXTBc8tl0AUKZkR,UYB282508143,no
180,"LA GRACIOSA","Quevedo,Elvis Crespo",110,4B,79,2026-06-24,04:17,85,"metal, nu metal, metal alternativo, rap metal, hard rock, pop latino","EL BAIFO",2026-04-24,70,28,0,71,0,20,-4,G#/A♭ Major,4,0TJYJrUDKQ1btt4g0Xwklw,ES03H2600033,no
181,"una noche","Alleh,Yorghaki",122,5B,69,2026-06-24,02:57,78,"pop latino, ","LA CIUDAD",2024-12-24,90,1,0,63,10,10,-5,D#/E♭ Major,4,3yO6Ca0Luwc23F94yX9tJJ,USLD91769019,no
182,"Sólo Se Vive una Vez","Azucar Moreno",102,2B,97,2026-06-24,03:30,61,"reggaetón, trap latino, latina, urbano latino","Mucho Azucar (Grandes Exitos)",1997-11-13,74,5,0,98,0,0,-5,F#/G♭ Major,4,5dg7OfEwTVvUZfqt24ObwI,ES5119901648,no
183,"Ven Devórame Otra Vez","Azucar Moreno",103,9B,66,2026-06-24,05:34,53,"reggaetón, trap latino, latina, urbano latino","Ven Devórame Otra Vez",2000-10-23,69,6,0,75,0,0,-12,G Major,4,772nkfhg0YnJ8mxzbUH4tF,ES5119901650,no
184,"Si No Te Cuida - Remix","Lucia De la Puerta,Jayxme",160,9B,89,2026-06-24,03:54,52,"","Si No Te Cuida (Remix)",2025-05-29,57,23,0,38,10,10,-5,G Major,4,4fXjq7kABv7Rhyjrn7GIQm,QZNJW2515500,no
185,"capaz (merengueton)","Alleh,Yorghaki",127,2A,61,2026-06-24,02:53,25,"pop latino, ","LA CIUDAD",2024-12-24,87,8,0,79,10,10,-6,D#/E♭ Minor,4,4DnrAI8WyUY6gkOwl8GlPN,USLD91766968,no
186,"Priti","Danny Ocean,Sech",122,11B,68,2026-06-24,02:10,68,"house latino, afro house","Priti",2025-03-20,80,16,0,52,0,10,-7,A Major,4,5FLzweTtgQurkLPs0E7uEO,USWL12500813,no
187,"Feriado","Rawayana",117,6B,55,2026-06-24,02:46,67,"reggaetón","¿Quién trae las cornetas?",2023-09-21,90,4,1,60,0,10,-8,A#/B♭ Major,4,0CyhLA1qjIinJAGnJYk1oK,BK4DA2310404,no
188,"CARACAS EN EL 2000","ELENA ROSE,Danny Ocean,Jerry Di",118,10B,71,2026-06-24,03:47,71,"flamenco","CARACAS EN EL 2000",2023-10-26,85,56,0,78,0,0,-7,D Major,4,4CUWxHauVJriW776t5lyCJ,USWL12302753,no
189,"OHNANA","Kapo",105,12A,58,2026-06-24,02:36,76,"","OHNANA",2024-06-06,78,62,0,66,10,10,-4,C♯/D♭ Minor,4,1fTjqf10accJCDYstPwwZ6,QZDYA1800338,no
190,"Si Me Necesitas, Llámame","Siloé",148,3B,85,2026-06-24,04:02,70,"hard house, bounce","Santa Trinidad",2023-10-27,49,30,0,35,0,50,-5,C♯/D♭ Major,4,4DEdfr4plBy97DH4YPg4At,QZTPX2386355,yes
191,"PIToRRO DE COCO","Bad Bunny",98,9B,67,2026-06-24,03:26,80,"pop latino, rock latino","DeBÍ TiRAR MáS FOToS",2025-01-05,64,25,0,54,0,10,-5,G Major,4,14QaXYIK3K3QPtezqxRRPN,QMFMF2447067,no
192,"mi refe","Beéle,Ovy On The Drums",151,6A,63,2026-06-24,02:39,77,"electro house, edm, afrobeat latino, reggaetón","mi refe",2024-12-05,59,42,0,46,20,10,-5,G Minor,5,7ricDBUakN3N0YkkKE8Obu,QZ7B82400138,no
193,"La Plena - W Sound 05","W Sound,Beéle,Ovy On The Drums",99,7B,64,2026-06-24,02:30,79,"electro house, edm, afrobeat latino, reggaetón","La Plena (W Sound 05)",2025-02-20,89,54,0,66,10,10,-3,F Major,4,6xOEgzkMSZJKz6qtCJsQL5,USWL12500595,yes
194,"amor de verano - remix","Sofía Cristo,MARLENA,Seiken",150,2B,99,2026-06-24,02:57,48,"indie, reggaetón, latina, ","amor de verano (remix)",2024-08-14,63,1,4,64,0,30,-3,F#/G♭ Major,4,1Bks8JX3p63fFFlJTjpOgK,ES05I2400038,no
195,"No Quiero Más Canciones Tristes","Amaral",122,12B,76,2026-06-24,03:28,58,"trap latino, dembow, reggaetón, trap","No Quiero Más Canciones Tristes",2026-05-20,40,38,0,29,0,20,-4,E Major,4,6YNbKdyJdNb53ICBsEFKmj,ES66A2605001,no
196,"Sin ti no soy nada","Amaral",122,8A,87,2026-06-24,04:28,41,"trap latino, dembow, reggaetón, trap","Estrella De Mar",2002-02-04,69,7,0,56,0,10,-4,A Minor,4,3tORVJDKoY6zLrskPvouaL,ES5030100199,no
197,"Donde Estan las Gatas","Alex Gargolas,Daddy Yankee,Nicky Jam",110,6A,79,2026-06-24,02:50,76,"indie, reggaetón, flamenco pop, flamenco, flamenco urbano, bachata","Gargolas 3",2001-07-13,83,25,0,82,0,0,-12,G Minor,4,0tIpUUbOYIWqvI50Ksf7D5,QM4TW2026983,no
198,"Gasolina","Daddy Yankee",96,8B,80,2026-06-24,03:12,88,"reggaetón","Barrio Fino (Bonus Track Version)",2004-07-13,85,32,0,74,0,0,-7,C Major,4,5YoITs1m0q8UOQ4AW7N5ga,QM6N21759342,no
199,"El Paraíso - Remix","Sofía Cristo,Seiken,Mikel Izal",123,9B,91,2026-06-24,03:03,44,"indie, techengue, house latino","El Paraíso (Remix)",2024-10-25,62,1,0,33,0,20,-3,G Major,4,5hx6Bg2HYqKgEqyZzsKlBY,QZTVM2484118,no
200,"Everytime We Touch","B Jones,Sofía Cristo",142,4A,94,2026-06-24,02:55,42,"indie","Everytime We Touch",2024-04-26,68,9,0,55,0,30,-3,F Minor,4,3hlfAe2myRotTnwB4kHuz0,GX3Q92459026,no
201,"The Power of Love","Dany Bpm,Sofía Cristo,Eva Iglesias",75,4B,100,2026-06-24,03:06,40,"indie, ","The Power of Love",2025-02-14,33,0,0,23,10,10,-3,G#/A♭ Major,4,6bqgXclhLUZHiK0dwDLiZ6,UKXN22546013,no
202,"Mi Mundo Sin Ti (Remix)","Sofía Cristo,Soraya,Seiken",126,11B,91,2026-06-24,02:49,38,"indie, reggaetón, ","Mi Mundo Sin Ti (Remix)",2023-02-10,71,3,0,60,0,20,-5,A Major,4,3yrPZLahC8ib0gHZXcOTe0,US7VG2335697,no
203,"El Cielo No Entiende 2.21","Sofía Cristo,OBK",126,8A,97,2026-06-24,03:40,37,"indie, ","El Cielo No Entiende 2.21",2021-11-18,64,7,0,39,0,30,-5,A Minor,4,7FOfMQA8uTEaS0fRWcrb1L,ES5702102153,no
204,"Ritmo de la noche","Sofía Cristo,Roi Porto,Seiken",145,11B,100,2026-06-24,03:10,36,"indie, flamenco, flamenco pop, ","Ritmo de la noche",2025-06-24,55,2,6,50,0,0,-5,A Major,4,5CnUSPfCLU0lpktXeSv6yo,GXH2J2520078,no
205,"Kitt y los Coches del Pasado - Remix","Ladilla Rusa,Sofía Cristo",140,9A,100,2026-06-24,03:47,34,"indie","Kitt y los Coches del Pasado (Remix)",2024-07-12,75,0,0,26,10,20,-4,E Minor,4,0JfDWS9tpBJ4n2kckRbsu4,QZNJX2444884,no
206,"Sabor de Amor - Remix","Sofía Cristo,Danza Invisible",140,12A,95,2026-06-24,02:39,34,"indie, reggaetón, urbano latino","Sabor de Amor (Remix)",2024-02-23,63,0,0,44,10,30,-4,C♯/D♭ Minor,4,1lzaZYgTE4Ig8ZKZne42cc,QZ5AB2422037,no
207,"Volare","Marsal Ventura,Sofía Cristo,Fonso Castillo",142,12B,89,2026-06-24,02:27,35,"merengue, reggaetón, latina, indie, reggae en español","Volare",2026-06-19,43,1,0,16,0,30,-4,E Major,5,0tOKSOOQWe7hvpUbqrF3bC,ES98D2600725,no
208,"Duro De Pelar - 30 Aniversario Remix","Rebeca,Dany Bpm,Sofía Cristo",150,6B,99,2026-06-24,03:27,33,"hipertechno, indie","Duro De Pelar (30 Aniversario Remix)",2026-03-06,56,0,0,56,0,0,-6,A#/B♭ Major,4,0tARzrnzW5AkmodkqsQuec,GXJBN2692522,no
209,"Gladiator - Radio Mix","Sofía Cristo,Dj Dbc,Samantha Moon",145,11A,80,2026-06-24,03:31,17,"indie, synthpop","Gladiator",2023-04-28,46,5,16,39,0,0,-5,F#/G♭ Minor,4,3ZSUbdVi7oDujh0Dl6nQhF,QZGLS2375945,no
210,"Gladiator - Extended Mix","Sofía Cristo,Dj Dbc,Samantha Moon",145,11A,87,2026-06-24,06:07,1,"indie, synthpop","Gladiator",2023-04-28,56,0,31,55,0,0,-5,F#/G♭ Minor,4,4zkZdzF7EImRBktS2G5193,QZGLS2375946,no
211,"Gladiator - Club House Mix","Sofía Cristo,Dj Dbc,Samantha Moon",125,11A,93,2026-06-24,06:52,0,"indie, synthpop","Gladiator",2023-04-28,67,1,17,70,10,0,-5,F#/G♭ Minor,4,4EaSX1Azp7x2yTa4D6Whov,QZGLS2375947,no
212,"Tres Cosas (Salud, Dinero y Amor) (Groove Radio Edit)","Sofía Cristo,Seiken",130,9B,99,2026-06-24,02:49,5,"indie, ","Tres Cosas (Salud, Dinero y Amor)",2022-10-17,62,0,45,68,0,40,-5,G Major,4,5O4R7slNlizPW4xa5al8DI,QZTVM2283979,no
213,"Tres Cosas (Salud, Dinero y Amor) (Tech House Radio Edit)","Sofía Cristo,Seiken",130,11A,88,2026-06-24,03:17,10,"indie, ","Tres Cosas (Salud, Dinero y Amor)",2022-10-17,71,1,22,60,0,30,-5,F#/G♭ Minor,4,2Ikt5J9j7RRq9ZUezhOLC0,QZTVM2283980,no
214,"Tres Cosas (Salud, Dinero y Amor) (Groove Extended Remix)","Sofía Cristo,Seiken",130,10A,99,2026-06-24,05:13,1,"indie, ","Tres Cosas (Salud, Dinero y Amor)",2022-10-17,73,0,65,61,0,0,-6,B Minor,4,4K0KccU9GlY3bKyB1z51IK,QZTVM2283981,no
215,"Tres Cosas (Salud, Dinero y Amor) (Tech House Extended Remix)","Sofía Cristo,Seiken",130,11A,82,2026-06-24,04:14,1,"indie, ","Tres Cosas (Salud, Dinero y Amor)",2022-10-17,75,0,40,77,0,0,-6,F#/G♭ Minor,4,0oB4AmtnmDZcvDpmdpMOTo,QZTVM2283982,no
216,"Que nada nos pare (lo más importante)","ELYELLA,La La Love You",128,1B,76,2026-06-24,03:05,65,"","Lo más importante",2025-10-24,65,0,14,75,0,10,-5,B Major,4,3dGd50B6AjIpwbtlyFRdp2,ES65D2200011,yes
217,"Estoy Llorando por Ti","Sofía Cristo,Ku Minerva",124,10A,93,2026-06-24,03:42,29,"indie, ","Estoy Llorando por Ti",2021-01-06,67,0,49,75,0,10,-8,B Minor,4,6f6Vb9lVG93gPDB68BAYGa,QZNJY2004147,no
218,"Estoy Llorando por Ti - Extended","Sofía Cristo,Ku Minerva",124,10A,95,2026-06-24,04:58,15,"indie, ","Estoy Llorando por Ti",2021-01-06,78,0,62,91,0,0,-7,B Minor,4,2iFRnOZAE9HpwppHooGW19,QZNJY2004148,no
219,"Todos los Besos","Siloé",150,3B,89,2026-06-24,04:27,72,"hard house, bounce","Santa Trinidad",2023-10-27,55,2,0,56,0,30,-4,C♯/D♭ Major,4,2vSJKKmOEJQA5tr082p5XX,US7VG2356365,no
220,"Another Night","Sofía Cristo,TARS.",150,9A,93,2026-06-24,02:43,27,"indie, ","Another Night",2026-02-13,54,2,21,51,0,10,-7,E Minor,4,3qSA6X05sgJzCea1GUUR1w,NL9KQ2691161,no
221,"Que Merezca la Pena","Siloé",150,9B,82,2026-06-24,03:34,67,"hard house, bounce","Santa Trinidad",2023-10-27,36,24,0,27,0,10,-6,G Major,4,57YBT0mbIqGTHbTolngDj4,QZTPX2387176,no
222,"Opus","Eric Prydz",125,11A,72,2026-06-24,09:03,66,"","Opus",2016-02-05,28,0,82,18,0,0,-6,F#/G♭ Minor,4,3v2oAQomhOcYCPPHafS3KV,GB6CM1500105,no
223,"Si no es contigo (feat. Rafa Val, Viva Suecia)","Shinova,Rafa Val,Viva Suecia",123,5A,41,2026-06-24,03:19,51,"urbano latino, trap latino, house latino, afro house, ","El presente... y los días que vendrán",2025-10-31,61,32,0,48,0,0,-12,C Minor,4,2oETaqQK5daA0eXul9OQsS,ES5152201742,no
224,"Cartas de Navegación","Shinova",80,7A,70,2026-06-24,05:00,51,"urbano latino, trap latino","Cartas de Navegación",2018-10-05,41,3,0,24,0,10,-10,D Minor,4,0oYlTMWO7eFocaAb9b2P7s,ES5151802136,no
225,"La Salvación","Arde Bogotá",160,1B,69,2026-06-24,04:23,72,"tribal house","COWBOYS DE LA A3",2023-05-12,51,3,0,31,0,10,-6,B Major,4,0txzIz1WcoAn6m07xypcD5,ES5022300053,no
226,"Quimbara - Radio Edit","Claudia León,ARKAD3,Alba Dreid",124,9A,93,2026-06-24,03:27,43,"afrobeat latino, rock en español, ","Quimbara (Radio Edit)",2025-09-26,80,6,8,19,0,30,-4,E Minor,4,37lK8WHKu6zt9ANih9elLO,QZZ8A2540918,no
227,"Rosas","La Oreja de Van Gogh",107,11B,69,2026-06-24,03:56,83,"eurodance","Lo Que Te Conte Mientras Te Hacias La Dormida",2003-00-00,78,63,0,54,0,10,-5,A Major,4,4waqcUQWdj0yH26STWl2Rq,ES5110304435,no
228,"Colgando en tus manos (con Marta Sánchez)","Carlos Baute,Marta Sánchez",120,2B,64,2026-06-24,03:50,81,"house latino, tribal house, afro house","De mi puño y letra - Edicion Coleccionista",2009-00-00,84,54,0,88,0,10,-5,F#/G♭ Major,4,3UI9I3e1g1y5T3SMfdgfGO,ES5150801314,no
229,"Puedes Contar Conmigo","La Oreja de Van Gogh",145,2B,89,2026-06-24,03:56,76,"eurodance","Lo Que Te Conte Mientras Te Hacias La Dormida",2003-00-00,65,7,0,56,0,10,-5,F#/G♭ Major,4,1hbWtHgRDG25DkmxE4I28V,ES5110304433,no
230,"El universo sobre mí","Amaral",186,10B,84,2026-06-24,04:09,59,"trap latino, dembow, reggaetón, trap","El universo sobre mí",2005-02-04,39,14,0,43,0,10,-4,D Major,4,0m4tYFXTFo0SGlztTqkvNY,ES5080500001,no
231,"El Sol No Regresa","La Quinta Estacion",128,5B,88,2026-06-24,03:48,81,"reggaetón","Flores De Alquiler",2004-03-02,62,5,0,72,0,30,-4,D#/E♭ Major,4,2awKQgW88iq9jFM54VaCAp,MXF010400019,no
232,"Que Te Quería","La Quinta Estacion",143,8A,89,2026-06-24,03:49,68,"reggaetón","Sin Frenos",2009-00-00,51,3,0,53,0,10,-5,A Minor,4,4wDk9P2WSvHOsRW6SDYE7L,MXF010801020,no
233,"Y volar (con los Caligaris)","La Pegatina,Los Caligaris",165,11B,96,2026-06-24,03:09,58,"","Ahora o nunca",2018-04-06,67,28,0,79,10,0,-4,A Major,4,0vabIwEiZDGml2CyVmGNBX,ES5151800052,no
234,"Que Te Den","Amparanoia,La Pegatina",150,12B,97,2026-06-24,03:24,33,"art pop, pop, ","El Coro de Mi Gente",2017-03-27,58,3,0,67,10,30,-4,E Major,4,4sm9EIEYjJtj1Pr0Xms1Hk,ES5151700341,no
235,"Mari Carmen","La Pegatina",160,7A,85,2026-06-24,02:25,58,"","Un secreto a voces",2019-09-27,71,9,0,82,0,0,-6,D Minor,4,5mldsrMy7k0CzAF2QksvCL,ES7311100021,no
236,"La Madre de Jose","El Canto Del Loco",101,3B,94,2026-06-24,03:11,63,"flamenco, flamenco pop","Estados de Animo",2003-00-00,63,29,0,95,10,0,-3,C♯/D♭ Major,4,3l8Ennt1PqShViwh0tkWuc,ES5020300138,no
237,"Chiquilla","Seguridad Social",167,3A,88,2026-06-24,03:07,62,"","Que No Se Extinga La Llama!",1991-06-12,54,1,0,77,10,30,-4,A#/B♭ Minor,4,4eJikwHYHJ3yMg1tvS1Mom,ES5019150000,no
238,"Cuando Brille el Sol","La Guardia",170,9B,73,2026-06-24,03:44,56,"afro house, house latino, tribal house, house orgánico, afro tech, flamenco","Cuando Brille el Sol",1990-07-06,51,3,0,93,0,10,-11,G Major,4,3BNy8c9gYaL63nL5DKHFMU,ES5109000041,no
239,"Ojalá no te hubiera conocido nunca (feat. Muchachito Bombo Infierno)","No Me Pises Que Llevo Chanclas,Muchachito Bombo Infierno",148,8A,93,2026-06-24,04:02,47,"rock en español, flamenco, house latino, afro house","25 años de agropop",2017-03-17,32,0,0,60,10,90,-5,A Minor,4,3xsPBE62YoXqXdPZwF918R,ES5151700311,no
240,"La Rumba - Original","Claudia León,Aaron Sevilla,Nalaya",123,10B,92,2026-06-24,05:34,41,"afrobeat latino, rock clásico, rock, glam rock","La Rumba",2025-08-29,80,1,70,65,0,0,-5,D Major,4,22tPJAdP7FQBwZCysD7A3y,GXBNP2552134,no
241,"El Secreto de las Tortugas","Maldita Nerea",170,3B,76,2026-06-24,04:07,64,"europop, eurodance","Es un Secreto...No Se Lo Digas a Nadie",2009-05-07,58,1,0,71,0,30,-7,C♯/D♭ Major,4,1sMgCr1RH0HfAazVZt9xmZ,ES8580700093,no
242,"Tenía Tanto Que Darte","Nena Daconte",125,3B,60,2026-06-24,03:24,65,"","Retales De Carnaval",2008-01-01,64,5,0,49,0,40,-4,C♯/D♭ Major,4,3Th2of8xIYyImVLXUbzaTp,ES5700802725,no
243,"Marta, Sebas, Guille y los demás","Amaral",102,10B,85,2026-06-24,03:43,58,"trap latino, dembow, reggaetón, trap","Marta, Sebas, Guille y los demás",2005-09-23,60,27,0,66,0,10,-5,D Major,4,1K0f2jrJcWdaZztjXrIPmT,ES5080500025,no
244,"Cuando zarpa el amor","Camela",114,12A,91,2026-06-24,03:32,64,"house latino, tribal house, afro house, flamenco","Diez De Corazon",2004-11-22,77,9,0,70,0,0,-4,C♯/D♭ Minor,4,0GzQB5WXavUEU8tfTCAd8m,ES5080400083,no
245,"La casa por el tejado","Fito y Fitipaldis",150,6A,85,2026-06-24,04:27,69,"tribal house","Lo mas lejos a tu lado",2004-12-28,73,32,0,89,0,40,-6,G Minor,4,428cFrawSqeLoyooQjAW9d,ES5010300346,no
246,"Por la Raja de Tu Falda","Estopa",98,8A,72,2026-06-24,03:22,67,"","Estopa",1999-10-18,76,32,0,93,0,70,-10,A Minor,4,5OaqffbeQyVVqtnA71Ci7K,ES5029900140,no
247,"El Chipirón","Orquesta Poncela",192,10B,75,2026-06-24,02:35,44,"house latino, flamenco","Gossa!!! Gossa!!!! 3",2012-11-26,48,34,0,53,0,90,-9,D Major,4,47HLIxoxJC22Fu0auMnQAg,ES01G1201794,no
248,"Física o química","Despistaos",100,9B,90,2026-06-24,03:11,63,"pop suave","Lo que hemos vivido",2008-10-14,62,6,0,96,0,30,-4,G Major,4,79eUc9cUUoUOO1b5znphiU,ES5150800931,no
249,"Pa´ mi guerrera - Reprise","Huecco",105,11A,94,2026-06-24,04:20,49,"","Huecco",2006-03-14,71,9,0,75,10,0,-5,F#/G♭ Minor,4,7JO1bBzuVQ14rIR6T5D0UK,ES5150620000,no
250,"Quiero tener tu presencia","Seguridad Social",146,12B,82,2026-06-24,03:40,65,"","Furia Latina",1993-00-00,74,2,0,57,0,10,-6,E Major,4,3f2k0XTc2ZXG17jEMDu8pp,ES5019350011,no
251,"Volcans","Buhos",155,4B,87,2026-06-24,03:45,57,"flamenco, flamenco pop","La Gran Vida",2018-02-16,57,52,1,49,0,10,-6,G#/A♭ Major,4,6kp5vm0qtmsG6YTLaWcsoo,ES5951805832,no
252,"Nada que perder","Pignoise",154,9B,90,2026-06-24,03:17,63,"r&b","Anunciado en Television",2006-04-10,55,0,0,78,0,0,-2,G Major,4,0YSaKC66FGCWLxM9SoQA1f,ES7210611901,no
253,"Que la Detengan","David Civera",126,10B,77,2026-06-24,03:19,44,"","15 Aniversario",2016-11-18,75,1,0,67,0,10,-5,D Major,4,0YxU7V3kuCGwzuWCLiOXgF,ES80B1600034,no
254,"No Puedo Vivir Sin Ti","Los Ronaldos",128,8B,80,2026-06-24,04:14,68,"","4 Canciones",2007-03-19,59,41,0,59,0,10,-5,C Major,4,2LUP49H9wb6nw2Y5oQzUpZ,FR6V80702531,no
255,"Con la luna llena","Melendi",164,12B,86,2026-06-24,03:48,68,"","Sin Noticias De Holanda",2006-07-14,68,70,0,67,10,0,-7,E Major,4,5VwYcCKNAgDqDJ9ah9tDGl,ES5080600389,no
256,"Hablando en plata - 2003 Remastered Version","Melendi",150,9B,80,2026-06-24,03:05,61,"","Sin Noticias De Holanda",2006-07-14,59,19,0,68,0,30,-5,G Major,4,7gHXpZ9RfD5ym9GZWlo35F,ES5080600390,no
257,"Pa' Madrid","El Barrio",167,3B,94,2026-06-24,04:18,65,"timba","La Voz de Mi Silencio",2007-10-15,64,26,0,92,0,60,-3,C♯/D♭ Major,4,3prOrWojlVzltxgK1vZrq6,ES5160700786,no
258,"Con La Mano Levantá (feat. Estopa)","Macaco,Estopa",110,4B,69,2026-06-24,03:22,51,"","El Vecindario",2010-11-23,80,18,0,89,0,0,-5,G#/A♭ Major,4,1yDwcbcbTEOUoQUaPK0IbK,ESD011000144,no
259,"Salta","Seguridad Social",172,10A,99,2026-06-24,02:32,39,"","En La Boca Del Volcan",1997-06-12,61,13,0,84,10,20,-3,B Minor,4,3yVFfxcUqzckNhQ3ArC4ws,ES5019750012,no
260,"CAFé CON RON - Afro House Remix","KLAAN",126,6A,65,2026-06-24,03:16,54,"afro house","CAFé CON RON (Afro House Remix)",2026-05-15,77,6,0,46,0,10,-12,G Minor,4,7fhVoeXSomykOpTVgudKyR,FR52F2615501,no
261,"Lady Madrid","Pereza",115,8B,66,2026-06-24,03:11,62,"","Aviones",2009-08-25,60,36,0,38,0,0,-3,C Major,4,5NQw5WJwKRPaaSDHXD04Fs,ES5020900283,no
262,"Como Si Fueras a Morir Mañana","Leiva",144,5B,82,2026-06-24,04:00,67,"pop latino","Nuclear",2019-03-22,46,0,0,37,0,10,-7,D#/E♭ Major,4,4aAfLSx9IthpC3Pw5pNk3E,ES5021801187,no
263,"A Tu Vera","Aaron Sevilla,Javi Torres,Alba Dreid,Ruben Hernandez Trumpet",183,9A,82,2026-06-24,03:03,58,"flamenco, flamenco pop, música alternativa latina, house latino, afro house, tribal house","A Tu Vera Feat Ruben Hernandez Trumpet",2025-05-09,44,2,16,51,20,40,-4,E Minor,3,0K7YLOpJ0EEBfce8LdDRBu,DEBY72500252,no
264,"Ilusiones","Aaron Sevilla,Les Castizos,Oliver Gil,P.Rivas",123,10A,97,2026-06-24,01:28,57,"house latino, afro house, flamenco, ska, ska mexicano, rock en español, rock argentino, murga, cuarteto, ","Ilusiones",2025-10-03,71,9,0,10,0,20,-5,B Minor,4,3F9JXFrFmdugvU25P8bHBa,GXBNP2553830,no
265,"Complicated","Avril Lavigne",78,7B,78,2026-06-24,04:04,88,"house latino, flamenco, afro house, tribal house","Let Go",2002-06-04,59,6,0,43,0,30,-6,F Major,4,5xEM5hIgJ1jjgcEBfpkt2F,USAR10200223,no
266,"El Flamenco","MESTIZA,Aaron Sevilla",123,7B,87,2026-06-24,03:10,56,"flamenco pop, ","Quëreles",2023-12-08,81,11,24,82,0,0,-7,F Major,4,44d8fHA9cOLQ0LYjzj8DtH,ES5052300734,no
267,"La Saeta","Aaron Sevilla,Peppe Citarella,Oliver Gil,P.Rivas",123,10B,81,2026-06-24,06:12,55,"ska, ska mexicano, rock en español, rock argentino, murga, cuarteto, ","La Saeta",2026-03-06,85,0,15,22,0,0,-5,D Major,4,1DCVgwI2CZiCFNGq3f3KXD,GXBNP2680538,no
268,"Te Dejo Madrid","Shakira",131,1B,64,2026-06-24,03:07,33,"afro house, afro tech, house latino, tribal house","Laundry Service: Washed and Dried (Expanded Edition)",2021-11-12,74,2,0,93,0,30,-6,B Major,4,1w4a3Sy3d1ptWxIlE6S5bY,NLB630100366,no
269,"MI GITANA","Peppe Citarella,Aaron Sevilla,Ángel Rodríguez,Sergei Rez",123,3B,86,2026-06-24,03:15,53,"house latino, tribal house, afro house, ","MI GITANA",2026-01-30,69,1,5,11,0,0,-6,C♯/D♭ Major,4,6dWsHnTbyg9FSXTbkihl56,FR10S2622552,no
270,"Poker Face","Lady Gaga",119,12B,81,2026-06-24,03:57,87,"","The Fame",2008-01-01,85,12,0,77,0,10,-5,E Major,4,1QV6tiMFM6fSOKOGLMHYYg,USUM70824409,yes
271,"Bad Romance","Lady Gaga",119,8B,92,2026-06-24,04:54,89,"","The Fame Monster (Deluxe Edition)",2009-11-05,70,0,0,71,0,0,-4,C Major,4,0SiywuOBRcynK0uKGWdCnn,USUM70918596,yes
272,"Esta Cobardía","Aaron Sevilla,Oliver Gil,P.Rivas",124,1B,64,2026-06-24,03:30,52,"ska, ska mexicano, rock en español, rock argentino, murga, cuarteto, ","Esta Cobardía",2026-06-05,60,17,0,47,10,0,-6,B Major,4,6aBlqwwP7fwUMY8oJolzPk,GXBNP2683337,no
273,"Only Girl (In The World)","Rihanna",126,10A,71,2026-06-24,03:55,90,"reggae en español, música alternativa latina","Loud",2010-01-01,79,11,0,64,0,0,-4,B Minor,4,2ENexcMEMsYk0rVJigVD3i,USUM71023200,no
274,"DJ Got Us Fallin' In Love (feat. Pitbull)","USHER,Pitbull",120,6A,86,2026-06-24,03:40,88,"pop latino, timba","Raymond v Raymond (Expanded Edition)",2010-03-30,66,3,0,65,10,0,-3,G Minor,4,4356Typ82hUiFAynbLYbPn,USLF21000041,no
275,"On The Floor","Jennifer Lopez,Pitbull",130,2A,78,2026-06-24,04:44,93,"timba","Love?",2011-04-29,73,11,0,57,0,0,-5,D#/E♭ Minor,4,3C0nOe05EIt1390bVABLyN,USUM71104034,no
276,"I Gotta Feeling","Black Eyed Peas",128,8B,77,2026-06-24,04:49,87,"r&b alternativo","THE E.N.D. (THE ENERGY NEVER DIES) [Deluxe Version]",2009-01-01,74,9,0,61,0,50,-6,C Major,4,4kLLWz7srcuLKA7Et40PQR,USUM70965169,no
277,"Danza Kuduro","Don Omar,Lucenzo",89,8B,92,2026-06-24,03:18,88,"flamenco, flamenco urbano, flamenco pop, afro house, house latino, tribal house, house orgánico","Meet The Orphans",2010-01-01,40,8,0,87,20,0,-5,C Major,3,2a1o6ZejUi8U3wzzOtCOYw,USUM71020778,no
278,"Counting Stars","OneRepublic",122,12A,71,2026-06-24,04:17,91,"kuduro, reggaetón","Native",2013-01-01,66,7,0,47,0,10,-5,C♯/D♭ Minor,4,2tpWsVSb9UEmDRxAl1zhX1,USUM71301306,no
279,"Wannabe","Spice Girls",110,1B,86,2026-06-24,02:53,85,"","Spice",1996-01-01,77,10,0,89,0,10,-6,B Major,4,1Je1IMUlBXcx1Fz0WE7oPT,GBAAA9600008,no
280,"Barbie Girl","Aqua",130,12A,88,2026-06-24,03:17,79,"música alternativa latina","Aquarium (Special Edition)",1997-01-01,81,2,22,96,0,30,-11,C♯/D♭ Minor,4,5ZrDlcxIDZyjOzHdYW1ydr,DKBKA9700403,no
281,"OBSESION","Peppe Citarella,Aaron Sevilla,Yas Cepeda",128,1A,93,2026-06-24,03:37,52,"house latino, afro house, tribal house","OBSESION",2024-11-14,76,2,9,46,0,20,-4,G#/A♭ Minor,4,2Xv7APjqwJ7wY5nr7DGyHH,ITLCJ2100692,no
282,"Bohemian Rhapsody - Remastered 2011","Queen",71,5A,40,2026-06-24,05:54,85,"","A Night At The Opera (2011 Remaster)",1975-11-21,41,27,0,23,0,30,-10,C Minor,4,4u7EnebtmKWzUH433cf5Qv,GBUM71029604,no
283,"Love Me Like You Do","Ellie Goulding",95,4A,60,2026-06-24,04:13,83,"house latino, tribal house, afro house, afro tech","Fifty Shades Freed (Original Motion Picture Soundtrack)",2018-02-09,49,27,0,32,0,10,-7,F Minor,4,0Cy7wt6IlRfBPHXXjmZbcP,GBUM71706324,no
284,"We Are Young (feat. Janelle Monáe)","fun.,Janelle Monáe",184,6B,64,2026-06-24,04:10,85,"","Some Nights",2012-02-14,38,2,0,74,0,0,-6,A#/B♭ Major,4,5rgy6ghBq1eRApCkeUdJXf,USAT21101399,no
285,"Happy - From  Despicable Me 2 ","Pharrell Williams",160,4A,82,2026-06-24,03:53,85,"","G I R L",2014-03-03,65,22,0,96,10,0,-5,F Minor,4,60nZcImufyMA1MKQY3dcCH,USQ4E1300686,no
286,"Pump up the Jam","Aaron Sevilla,SENATVS,Lizwi,Brøder",125,8B,88,2026-06-24,03:13,42,"folk latino, folklore latino, cumbia, merengue","Pump up the Jam",2026-06-19,83,3,2,51,10,30,-4,C Major,4,5fPPJ5AlDwK85SMC0W6eZt,GXBNP2683365,no
287,"A Sky Full of Stars","Coldplay",125,2B,68,2026-06-24,04:27,89,"ska punk, punk","Ghost Stories",2014-05-16,55,1,0,16,0,20,-6,F#/G♭ Major,4,0FDzzruyVECATHXKHFs9eJ,GBAYE1400217,no
288,"Unstoppable","Sia",174,11B,78,2026-06-24,03:37,83,"villancicos","This Is Acting",2016-01-29,47,11,0,26,0,10,-5,A Major,4,2J2Z1SkXYghSajLibnQHOa,USRC11502934,no
289,"Ave María","David Bisbal",132,5B,93,2026-06-24,03:29,67,"","Corazón Latino",2002-10-15,73,14,0,80,0,30,-4,D#/E♭ Major,4,5U4pDBaeq2Jl2dKuWWUSsh,ES6010200293,no
290,"Torero","Chayanne",136,1A,97,2026-06-24,03:38,66,"","Chayanne",1998-00-00,70,7,0,96,0,30,-4,G#/A♭ Minor,4,2es7AohVgF03LwjmQyaVMl,NLB630200016,no
291,"Yo Quiero Bailar","Sonia Y Selena",134,1B,95,2026-06-24,03:33,57,"","Yo Quiero Bailar",2001-01-01,63,16,0,91,0,30,-6,B Major,4,4rFCPjKfgbEeNvs1Ku4nbd,ES6010200113,no
292,"Miénteme","David Bisbal,Elena Gadel",110,10A,91,2026-06-24,03:26,50,"","Generación OT Juntos (Operación Triunfo)",2003-01-01,76,14,0,79,0,0,-6,B Minor,4,4dOHi9ktRjFRAIsMYo4oly,ES6010300050,no
293,"Nada Fue Un Error","Coti,Andrés Calamaro",139,11B,87,2026-06-24,03:27,68,"flamenco, flamenco pop, flamenco urbano","Coti",2003-02-21,61,9,0,83,0,10,-5,A Major,4,1Ev18ptTlc3CBQMmKsIfjY,ES5700200030,no
294,"La Ventanita","Sergio Vargas",133,3B,86,2026-06-24,04:46,62,"","Grandes Exitos",1999-10-26,81,48,1,96,0,0,-6,C♯/D♭ Major,4,5CmVYFZinikaqh9Mf2J1Xl,USBL10000364,no
295,"La Gozadera (feat. Marc Anthony)","Gente De Zona,Marc Anthony",95,8A,99,2026-06-24,03:23,82,"reggaetón, latina","Visualízate",2016-04-22,62,17,0,90,0,10,-2,A Minor,4,0OMRAvrtLWE2TvcXorRiB9,USSD11500071,no
296,"El universo sobre mí","Amaral",186,10B,84,2026-06-24,04:09,61,"trap latino, dembow, reggaetón, trap","Pájaros En La Cabeza",2005-03-11,39,14,0,43,0,10,-4,D Major,4,1jJn6iK6o2Vg7iUKHztRTk,ES5080500001,no
297,"Torero","Chayanne",136,1A,97,2026-06-24,03:37,64,"","Grandes Exitos",2002-00-00,70,7,0,96,0,30,-3,G#/A♭ Minor,4,709CndJJB3GTUhQD0LLFse,NLB630200016,no
298,"Cannabis","Ska-P",121,9B,91,2026-06-24,04:25,60,"trap argentino","El Vals Del Obrero",1996-03-01,56,18,0,95,0,10,-3,G Major,4,0DjSa6czo5ywsf6iCtZW5A,ES5029601034,no
299,"Marta, Sebas, Guille y los demás","Amaral",102,10B,85,2026-06-24,03:43,63,"trap latino, dembow, reggaetón, trap","Pájaros En La Cabeza",2005-03-11,60,27,0,66,0,10,-5,D Major,4,30ddpolNHwXlrS5XO8MiiO,ES5080500025,no
300,"Hay Quel Venir al Sur","Raffaella Carrà",124,9B,92,2026-06-24,03:52,47,"salsa, merengue, bachata, latina, pop latino","Raffaella Carrà: Sensational Hits",2024-06-20,72,3,0,93,10,0,-4,G Major,4,5MwUr7hfHWWqezOCtDsFOn,ITB009900416,no
301,"SUBEME LA RADIO","Enrique Iglesias,Descemer Bueno,Zion & Lennox",91,8B,82,2026-06-24,03:27,74,"flamenco, ","SUBEME LA RADIO (feat. Descemer Bueno & Zion & Lennox)",2017-02-24,69,6,0,66,0,20,-3,C Major,4,7nKBxz47S9SD79N086fuhn,USRC11700058,no
302,"Como Una Ola - Marsal Ventura & Jbill Remix","Marsal Ventura,Jbill",128,12B,88,2026-06-24,02:49,48,"merengue, reggaetón, latina, urbano latino, trap latino","Como Una Ola (Marsal Ventura & Jbill Remix)",2026-05-22,51,17,0,39,10,50,-3,E Major,4,7vZWikYcjHSFW78wJZfd1N,ES5022600463,no
303,"Dile Otra Noche - Afro House Mix","Afro Nation",124,9A,87,2026-06-24,04:15,60,"merengue, salsa, música tropical","Dile Otra Noche (Afro House Mix)",2026-02-24,88,9,1,46,10,0,-9,E Minor,4,1y6m3Qd5qqcq4HDhy97XnR,INAE32600622,no
304,"Salta!!!","Tequila",152,10B,94,2026-06-24,03:09,56,"","Confidencial/New Booklet",1981-01-04,47,2,0,92,10,0,-5,D Major,4,0M2tanh26PWePnaGVV3h3y,ES5109900073,no
305,"Mari Carmen","La Pegatina",160,7A,85,2026-06-24,02:25,18,"","Xapomelön",2011-07-10,71,9,0,82,0,0,-6,D Minor,4,4KOIPoWgg56YkP12E1aFoQ,ES7311100021,no
306,"Levantando las Manos","El Simbolo",97,8B,94,2026-06-24,04:25,62,"ska, ska punk, ska mexicano","Éxitos",2005-00-00,68,9,0,94,0,0,-5,C Major,3,4QNDlhoal2QdrEObKrxn7j,ARA340800038,no
307,"NUEVAYoL","Bad Bunny",138,2B,20,2026-06-24,03:03,95,"pop latino, rock latino","DeBÍ TiRAR MáS FOToS",2025-01-05,14,27,100,12,10,20,-20,F#/G♭ Major,4,5TFD2bmFKGhoCRbX61nXY5,QMFMF2447055,no
308,"El Vals del Obrero","Ska-P",102,7B,84,2026-06-24,04:37,62,"trap argentino","El Vals Del Obrero",1996-03-01,51,4,0,67,0,10,-6,F Major,4,4UjqoyfmarLo3Ub3LE19eC,ES5029601029,no
309,"Stereo Love","Edward Maya,Vika Jigulina",127,11B,78,2026-06-24,04:07,78,"","Stereo Love",2009-07-07,78,3,2,36,0,0,-5,A Major,4,0gBfLS4aqbrr1ZvVv8dqWB,ROCMA0901578,no
310,"Vicio","Reincidentes",104,7A,90,2026-06-24,02:46,0,"rock argentino, pop latino","Nunca Es Tarde... Si la Dicha Es Buena",1994-08-09,58,0,0,68,0,30,-7,D Minor,4,7nwqaGHYZM0g6R4ecp48TU,QMFME1335308,no
311,"Turn The Lights Off - Radio Edit","Kato,Jon",132,12A,98,2026-06-24,02:58,80,"merengue, bachata, salsa","Turn The Lights Off",2010-01-04,61,0,0,31,0,30,-4,C♯/D♭ Minor,4,7apywiCuMzvSZIa0SKeH99,DK4YA0904101,no
312,"Píntame","Elvis Crespo",119,8A,90,2026-06-24,04:19,64,"pop latino","Pintame",1999-00-00,75,50,0,89,0,0,-2,A Minor,4,7gNI9f8NTCU6hLV0pLkTT7,USSD19902684,no
313,"Me Gustas Mucho","Rocío Dúrcal",121,7B,36,2026-06-24,03:04,55,"","Sus 16 Grandes Exitos",1983-03-05,64,42,0,97,0,20,-8,F Major,4,4xOwXgFblfFi56IVkAdmdg,MXF019100120,no
314,"Por Mi Dakiti","Mike Morato",110,9A,68,2026-06-24,03:36,46,"","Por Mi Dakiti",2020-11-26,68,21,0,40,0,10,-7,E Minor,4,7K9IlXYr095TbdTKVlF1uj,QZNWU2060398,no
315,"Bailar (feat. Elvis Crespo) - Radio Edit","Deorro,Elvis Crespo",128,11B,74,2026-06-24,02:17,62,"europop, pop latino","Bailar (feat. Elvis Crespo) [Radio Edit]",2016-04-22,80,5,34,40,10,0,-9,A Major,4,45sGyAtAxD6efaN0bJAFgh,USUS11600173,no
316,"una noche","Alleh,Yorghaki",122,6A,75,2026-06-24,02:57,16,"pop latino, ","LA CIUDAD",2024-12-24,88,2,0,70,10,0,-4,G Minor,4,634CTghcuEDy2FXcTsLG5m,USLD91769019,no
317,"Sin Sentido","Mike Morato",125,7A,91,2026-06-24,04:10,59,"","Sin Sentido",2025-07-25,59,8,0,60,10,10,-5,D Minor,4,0NNFsMlobKIfIQeyqxcybV,ESA092511016,no
318,"Siente el Ritmo","Mike Morato",130,10A,87,2026-06-24,03:33,58,"","Siente el Ritmo",2025-05-30,69,15,0,86,0,20,-4,B Minor,4,4Ic4tTYfcKIC5KxyzfSAbc,ESA092509144,no
319,"Levantando las Manos","El Simbolo",97,8B,94,2026-06-24,04:25,1,"ska, ska punk, ska mexicano","Éxitos",2005-00-00,68,9,0,94,0,0,-5,C Major,3,6aIOfv9A3FZtQjMjyWNiJJ,ARA340800038,no
320,"Taboo","Don Omar",187,8B,89,2026-06-24,04:52,80,"flamenco, flamenco urbano, flamenco pop","Meet The Orphans",2010-01-01,43,4,0,81,0,0,-6,C Major,3,4cyYC67XY3weSVmSLdKLP8,USUM71025734,no
321,"LATINA FOREVA","KAROL G",98,12A,72,2026-06-24,02:39,72,"afro house","LATINA FOREVA",2025-05-22,81,1,0,50,0,0,-4,C♯/D♭ Minor,4,10MpBpx64MNixmUMNj7f6b,USUG12502629,yes
322,"Noche de Travesura","Héctor  El Father ",92,11B,53,2026-06-24,03:27,2,"reggaetón, música popular colombiana, trap latino","Goldstar Music La Familia Reggaeton Hits",2019-10-25,83,29,0,45,20,0,-12,A Major,4,1DdrejuwM8C3ExsXaPAgF8,QMRSZ1902149,no
323,"The Fate of Ophelia","Taylor Swift",124,7B,60,2026-06-24,03:46,95,"","The Life of a Showgirl",2025-10-03,73,27,0,52,0,10,-5,F Major,4,53iuhJlwXhSER5J2IYYv1W,USUG12506436,no
324,"Mambo HP (with KMX)","Mike Morato,kMx",130,10B,86,2026-06-24,03:45,53,"house latino, afro house, techengue, house","Mambo HP (with KMX)",2025-03-11,81,19,0,85,0,20,-6,D Major,4,1bT3inyR5GpCnGYbkjB1fu,QZMHN2331313,no
325,"We Found Love","Rihanna,Calvin Harris",128,3B,77,2026-06-24,03:35,66,"reggae en español, música alternativa latina, ","Talk That Talk (Explicit)",2011-01-01,74,3,0,60,0,10,-4,C♯/D♭ Major,4,1zv3WFUbZ5vPxFq9I2jAU1,USUM71115507,no
326,"blackout 🧊","Emilia,TINI,Nicki Nicole",138,8A,79,2026-06-24,03:02,70,"house latino, flamenco, flamenco pop, flamenco urbano, neoperreo","blackout 🧊",2025-03-25,78,25,0,96,0,10,-2,A Minor,4,2efbgTtEGNpsUZaOfgRTR6,USSD12500117,no
327,"La Mujer del Pelotero","Baby Lores",152,10B,93,2026-06-24,03:48,53,"hip hop latino, música alternativa latina, reggaetón","La Mujer del Pelotero",2011-08-10,69,4,0,97,0,20,-5,D Major,4,5NZGwpynLlG6KmtCzp186J,FR6V80588851,no
328,"La Verdolaga","HUGEL,Totó La Momposina",124,12B,95,2026-06-24,02:30,75,"melbourne bounce, electro house","La Verdolaga",2024-06-28,77,0,52,40,0,10,-6,E Major,4,5PL7k9QH7Kj7B4527dHvon,GBCPZ2423413,no
329,"LA REINA - REMIX","Lola Indigo,Maria Becerra,Villano Antillano",128,10A,75,2026-06-24,03:25,57,"trap latino, reggaetón, rock argentino, rock en español, rock latino","LA REINA (REMIX)",2025-01-16,74,7,0,78,0,20,-5,B Minor,4,1LX9Kq7JFcEINO2a04WI2M,ESUM72500002,no
330,"Atrévete-Te-Te","Calle 13",88,11B,88,2026-06-24,03:59,78,"","Calle 13 (Explicit Version)",2005-00-00,83,10,0,88,10,70,-6,A Major,4,1q8NdCAQ9QUjpYiqzdd3mv,US3H30500209,yes
331,"Poker Face","Lady Gaga",119,12B,81,2026-06-24,03:57,87,"","The Fame",2008-01-01,85,12,0,77,0,10,-5,E Major,4,1QV6tiMFM6fSOKOGLMHYYg,USUM70824409,yes
332,"Mayonesa","Chocolate",97,6B,84,2026-06-24,03:51,69,"","2000 Grandes Exitos",2000-02-20,85,9,0,89,0,0,-5,A#/B♭ Major,4,5Qjx4obghhfhsh6DiUwpNM,UYM120000401,no
333,"2AM","Sebastian Yatra,Bad Gyal",112,12A,75,2026-06-24,03:16,57,"flamenco pop, flamenco, italo dance","2AM",2024-11-22,73,11,0,72,0,40,-5,C♯/D♭ Minor,4,3BvR83k9fPwDZUBwFxBPpu,USUM72413786,no
334,"A Las 12","Ptazeta,Omar Montes",124,3A,76,2026-06-24,03:08,42,"house latino, ","GORGONA",2024-06-20,80,28,0,87,10,10,-3,A#/B♭ Minor,4,3bPQQlM8l31H51zOWfn2NA,USA2P2437293,no
335,"Paparazzi","Lady Gaga",115,4A,69,2026-06-24,03:28,83,"","The Fame",2008-01-01,76,11,0,40,0,0,-4,F Minor,4,02XnQdf7sipaKBBHixz3Zp,USUM70824408,yes
336,"La Bilirrubina","Juan Luis Guerra 4.40",130,3B,91,2026-06-24,04:05,75,"pop latino","Bachata Rosa",1990-01-01,74,84,0,94,0,30,-6,C♯/D♭ Major,4,6M8horg7h52MPTxY0I3dQJ,USJ3V1861775,no
337,"Lloverá y yo veré","La Pegatina",176,11A,78,2026-06-24,02:57,17,"","Eureka!",2013-07-10,47,2,0,73,0,30,-5,F#/G♭ Minor,4,4Tv8mqQc83OsQVXO4I0FTA,ES7311300037,no
338,"EL PANTALON - RUMBAS","Omar Montes,Lola Indigo,Las Chuches",120,4B,88,2026-06-24,03:13,51,"pop","EL PANTALON (RUMBAS)",2024-05-29,74,38,0,78,30,20,-5,G#/A♭ Major,4,5tt2V5NfowSz690MCLBlKO,USSD12400307,no
339,"Pedro","Jaxomy,Agatino Romero,Raffaella Carrà",151,11B,94,2026-06-24,02:24,76,"afro tech, afro house, tribal house, mariachi, ranchera, bolero, salsa, merengue, bachata, latina, pop latino","Pedro",2024-03-29,79,2,0,84,30,30,-6,A Major,4,48lxT5qJF0yYyf2z4wB4xW,DEE862400427,no
340,"WONDER","Katy Perry",128,3B,78,2026-06-24,03:24,66,"edm","143",2024-09-20,59,7,0,28,0,10,-5,C♯/D♭ Major,4,1nJNqdhKLx2LF01wAtkH8j,USUM72407753,no
341,"Sin Pijama","Becky G,NATTI NATASHA",94,10A,75,2026-06-24,03:08,70,"tropipop, pop urbano, ","Sin Pijama",2018-04-20,79,35,0,82,0,10,-4,B Minor,4,2ijef6ni2amuunRoKTlgww,USSD11800157,no
342,"Borro Cassette","Maluma",176,4A,70,2026-06-24,03:27,87,"timba","Pretty Boy, Dirty Boy",2015-10-30,73,13,0,79,10,10,-6,F Minor,4,6DUdDIRgLqCGq1DwkNWQTN,USSD11500124,no
343,"Dile Que la Quiero","Belapalma",105,9A,90,2026-06-24,02:47,29,"pop latino","Belapalma",2025-02-07,58,1,0,75,0,30,-3,E Minor,4,0MjfQG3TMwv6H6dgEnuJgJ,QM6MZ2426500,no
344,"Sobreviviré","Monica Naranjo",132,12B,84,2026-06-24,04:56,44,"europop","Renaissance (Boxset)",2019-11-15,58,1,0,38,0,10,-5,E Major,4,5WovBMPS14QCqKgBEM1PaO,ES5110002561,no
345,"Escándalo","Raphael",112,3B,89,2026-06-24,05:04,50,"","Ave Fénix",1992-00-00,73,34,1,91,0,10,-9,C♯/D♭ Major,4,3xbymP6jIcdN0O2PB420bz,NLB639210006,no
346,"Toca Toca - Radio Edit","Fly Project",126,3A,64,2026-06-24,02:45,0,"","Toca Toca (Radio Edit)",2014-05-19,90,2,0,93,0,0,-3,A#/B♭ Minor,4,3vZPbsYvI6hPv7g2znHIyM,ROROT1313101,no
347,"Conga!","Miami Sound Machine,Gloria Estefan",122,10B,66,2026-06-24,04:14,72,"trap argentino, afro house, house latino, guaracha","Primitive Love",1985-08-13,79,17,4,87,0,0,-15,D Major,4,3FdHgoJbH3DXNtGLh56pFu,USSM10026825,no
348,"I Kissed A Girl","Katy Perry",130,7B,76,2026-06-24,02:59,79,"edm","One Of The Boys",2008-06-17,70,0,0,70,0,10,-3,F Major,4,14iN3o8ptQ8cFVZTEmyQRV,USCA20801738,no
349,"Poker Face","Lady Gaga",119,12B,81,2026-06-24,03:57,87,"","The Fame",2008-01-01,85,12,0,77,0,10,-5,E Major,4,1QV6tiMFM6fSOKOGLMHYYg,USUM70824409,yes
350,"Amigos para Siempre","Los Manolos",118,3B,85,2026-06-24,04:24,54,"reggaetón, trap latino, urbano latino, dembow","Dulce Veneno",1992-06-23,71,34,0,93,0,0,-10,C♯/D♭ Major,4,6PfQB3xEbIlky1dXOb3Yyh,ES5029200095,no
351,"SexyBack (feat. Timbaland)","Justin Timberlake,Timbaland",117,6A,58,2026-06-24,04:02,88,"","FutureSex/LoveSounds",2006-09-12,97,6,0,96,0,0,-6,G Minor,4,0O45fw2L5vsWpdsOdXwNAR,USJI10600269,yes
352,"20 de Enero","La Oreja de Van Gogh",145,8B,89,2026-06-24,03:43,69,"eurodance","Lo Que Te Conte Mientras Te Hacias La Dormida",2003-00-00,59,38,0,64,0,10,-4,C Major,4,4XdePl1vOF1cYjTBYeYU9j,ES5110304434,no
353,"Son de Amores","Andy & Lucas",82,7A,84,2026-06-24,03:51,63,"","Andy Y Lucas",2001-01-01,68,47,0,69,10,60,-5,D Minor,4,7BCer0V0I1CZDI6S6kYD44,ES5020300148,no
354,"Las de la Intuición","Shakira",130,7A,74,2026-06-24,03:40,78,"afro house, afro tech, house latino, tribal house","Fijación Oral Volumen 1 (Expanded Edition)",2005-06-03,73,4,28,64,0,0,-7,D Minor,4,7DnMd3BxVOedyOyR7K3F8L,USSM10501804,no
355,"Cacho a Cacho","Estopa",80,8B,84,2026-06-24,02:28,63,"","Estopa",1999-10-18,46,11,0,84,0,0,-9,C Major,4,6VVBXRsXAuN5UvqKNw7j0l,ES5029900150,no
356,"Tanto la Queria","Andy & Lucas",144,6B,76,2026-06-24,04:40,68,"","Andy Y Lucas",2001-01-01,68,55,0,57,0,10,-6,A#/B♭ Major,4,2VSGzQqy9nqJefcYGJNWst,ES5020300160,no
357,"Sangre","Viva Suecia,Siloé",76,6B,82,2026-06-24,03:16,52,"hard house, bounce","Sangre",2025-06-12,54,0,0,73,10,10,-3,A#/B♭ Major,4,1o8JEYh6oeX0apNZcZMSS2,ESUM72500721,no
358,"Ciega, Sordomuda","Shakira",120,3B,88,2026-06-24,04:27,80,"afro house, afro tech, house latino, tribal house","Donde Estan Los Ladrones",1998-09-29,75,4,0,93,0,10,-6,C♯/D♭ Major,4,7jxHeJLVpnP7S08JFF4GBi,COS019800787,no
359,"te vas a inventar","MARLENA",159,1B,92,2026-06-24,02:52,2,"reggaetón, latina","te vas a inventar",2024-06-14,53,3,0,64,0,30,-4,B Major,4,7dKJQbM2YiWgpbkWhnUsk1,ES05I2400004,no
360,"So payaso","Extremoduro",151,9A,90,2026-06-24,04:41,67,"","Agila",1996-00-00,44,4,0,38,0,10,-4,E Minor,4,5HSpMRUC4m3L3q48to2Kmu,ES5019614003,no
361,"Salomé","Chayanne",128,10A,81,2026-06-24,04:13,63,"","Atado a Tu Amor",1998-09-29,77,0,0,76,10,0,-6,B Minor,4,4dtlsMh8wam865qaU4WEnM,NLB639850008,no
362,"Bandido","Azucar Moreno",128,3B,82,2026-06-24,03:02,49,"reggaetón, trap latino, latina, urbano latino","Bandido",1990-00-00,74,4,0,80,0,80,-9,C♯/D♭ Major,4,2rHhKu1hW8uqyr7LSrRn8E,ES5119000008,no
363,"Smile","Avril Lavigne",105,12A,85,2026-06-24,03:29,66,"house latino, flamenco, afro house, tribal house","Goodbye Lullaby (Expanded Edition)",2011-03-08,63,0,0,65,0,0,-4,C♯/D♭ Minor,4,4bia7OWZPoswlzXCqESYrR,USRC11100011,yes
364,"Let The Light Shine In","Darren Tate,Jono Grant",140,7B,86,2026-06-24,03:18,47,"edm, big room, dembow","Let The Light Shine In",2003-05-12,42,0,0,21,0,30,-4,F Major,4,1lUTpyQPk5p14cu3MCZ1Lv,NLF711402422,no
365,"ZORRA","Nebulossa",130,8A,65,2026-06-24,03:03,57,"","ZORRA",2023-12-15,71,0,0,78,0,10,-6,A Minor,4,4ypCNolz6aRYZPO3UOGp8Z,ESUM72303103,yes
366,"CLASSY 101","Feid,Young Miko",100,1B,66,2026-06-24,03:15,73,"flamenco pop, flamenco, flamenco urbano, hipertechno, techno","CLASSY 101",2023-03-31,86,14,0,67,10,10,-5,B Major,4,6XSqqQIy7Lm7SnwxS4NrGx,USUM72304895,yes
367,"Una Lady Como Tú","Manuel Turizo",95,12B,48,2026-06-24,03:33,71,"flamenco, flamenco urbano, flamenco pop","Una Lady Como Tú",2017-04-10,79,55,0,86,0,30,-7,E Major,4,7MHN1aCFtLXjownGhvEQlF,USSD11700117,no
368,"La_Original.mp3","Emilia,TINI",128,4A,81,2026-06-24,02:20,57,"house latino, flamenco, flamenco pop, flamenco urbano","La_Original.mp3",2023-11-02,83,8,0,91,0,10,-3,F Minor,4,6VjagyaPDsRal64aHXNIUY,USSD12300584,no
369,"Vois sur ton chemin - Techno Mix","BENNETT",138,7A,82,2026-06-24,02:58,81,"dembow","Vois sur ton chemin (Techno Mix)",2023-08-04,63,9,7,37,0,10,-3,D Minor,4,31nfdEooLEq7dn3UMcIeB5,DEA622301801,no
370,"Nunca debí enamorarme","Camela",136,7B,96,2026-06-24,03:46,56,"house latino, tribal house, afro house, flamenco","Por siempre tú y yo",2003-03-02,82,10,0,88,0,0,-4,F Major,4,70f6HTczJo4mjv4YzVGkl8,ES5080208263,no
371,"Madrid City","Ana Mena",132,12A,87,2026-06-24,02:52,67,"reggaetón","Madrid City",2023-09-29,73,3,0,18,0,40,-4,C♯/D♭ Minor,4,6KHxe3Yj8W8oq3zviUvJRe,ES5022302278,no
372,"Try","P!nk",104,10B,63,2026-06-24,04:07,85,"edm","The Truth About Love",2012-09-18,67,0,0,55,0,0,-7,D Major,4,1jF7IL57ayN4Ity3jQqGu0,USRC11200785,no
373,"More Than Friends","INNA,Daddy Yankee",128,1B,79,2026-06-24,03:57,59,"trance, synthwave, trance progresivo, reggaetón","Party Never Ends, Pt. 1 (Deluxe Edition)",2013-12-20,80,2,0,96,0,40,-5,B Major,4,3X7PdDlYOf6kEom5h9Fm9Z,ROROT1301201,no
374,"Chandelier","Sia",117,3B,79,2026-06-24,03:36,85,"villancicos","1000 Forms Of Fear",2014-07-04,40,2,0,57,0,0,-3,C♯/D♭ Major,5,4VrWlk8IQxevMvERoX08iC,USRC11400498,no
375,"Lagrimas De Amor","Camela",125,8B,94,2026-06-24,04:02,55,"house latino, tribal house, afro house, flamenco","Lagrimas De Amor",1994-01-01,67,0,0,96,0,10,-5,C Major,4,7wjQF9XTCrjvQZLeZBGMWs,ES5630700021,no
376,"Torn","Natalie Imbruglia",96,7B,89,2026-06-24,04:04,83,"dembow","Left Of The Middle",1997-11-10,57,6,0,61,0,70,-5,F Major,4,1Jaah2tmN9Hv81A87KZ1MU,GBARL9700412,no
377,"Espectacular","Fangoria",125,4B,95,2026-06-24,03:57,50,"edm","Miscelánea de canciones para robótica avanzada",2017-02-17,63,5,0,63,0,10,-5,G#/A♭ Major,4,36JGdAr8Ode1yaAKn4fy3L,ES5151602584,no
378,"Be My Lover","La Bouche",135,12A,96,2026-06-24,04:00,73,"europop","Best Of La Bouche feat. Melanie Thornton (feat. Melanie Thornton)",2003-03-28,66,0,0,79,0,90,-3,C♯/D♭ Minor,4,3vSn1frPgFcRXrjWOfhMLl,DED160200012,no
379,"Love The Way You Lie","Eminem,Rihanna",87,6B,93,2026-06-24,04:23,90,"rap, hip hop, reggae en español, música alternativa latina","Recovery",2010-06-18,75,24,0,64,20,50,-5,A#/B♭ Major,4,15JINEqzVMv3SvJTAXAKED,USUM71015397,yes
380,"Zombie - 2025 Remastered","The Cranberries",167,9B,73,2026-06-24,05:05,87,"","No Need To Argue (2025 Remastered)",1994-00-00,28,0,0,17,0,30,-6,G Major,4,3gjHnylel3PTRpjS44ocqr,USUM72009888,no
381,"Boys Will Be Boys","Paulina Rubio",133,9B,75,2026-06-24,03:05,47,"","Brava Reload",2012-01-01,73,5,0,53,10,10,-5,G Major,4,2qlMpOIPLWbfSXcVuuMHrl,ES5701200453,no
382,"EL TONTO","Lola Indigo,Quevedo",110,8B,80,2026-06-24,03:07,65,"metal, nu metal, metal alternativo, rap metal, hard rock","EL DRAGÓN",2023-04-13,80,41,0,69,0,20,-5,C Major,4,4rKQ8daoK0aklVptea8A9E,ESUM72200152,no
383,"Tiki Tiki","Ptazeta,Lola Indigo",120,3B,76,2026-06-24,02:11,44,"house latino, ","Tiki Tiki",2023-02-02,90,7,0,64,0,20,-3,C♯/D♭ Major,4,2J8lIDwvxPZQQ0I0wt1oRO,USA2P2304961,no
384,"A Mi Manera","Siempre Asi",101,4B,54,2026-06-24,03:46,55,"pop francés","Esencial Siempre Así",2019-04-26,57,41,0,80,0,50,-10,G#/A♭ Major,4,5O7eq2n3T1R7K4mSFZ3Gpb,ES6029700026,no
385,"El Teke Teke","Los Teke Teke",141,12A,91,2026-06-24,03:00,0,"eurodance","Y Ya Tu Sabe Klk",2015-02-03,90,24,0,73,20,0,0,C♯/D♭ Minor,4,6m1cZ3G7Uu6kU3UfxqEjv1,QM6MZ1494727,no
386,"Quiero Decirte","Abraham Mateo,Ana Mena",118,12B,77,2026-06-24,03:42,74,"bachata, reggaetón","Quiero Decirte",2022-05-12,75,4,0,92,0,10,-4,E Major,4,7dT6ccDqmMHvz5C0d8iUND,ES5022201191,no
387,"Aire Ke Respiro","Erpeche",102,12B,94,2026-06-24,03:09,59,"trap latino","Doblando la Dosis",2006-00-00,72,2,0,94,0,0,-4,E Major,4,759KAbxzjwNngyxA1UCc3y,ES7490600018,no
388,"Everytime We Touch - Hardwell & Maurice West Remix","Cascada,Maurice West",145,4A,85,2026-06-24,03:36,66,"","Everytime We Touch (Hardwell & Maurice West Remix)",2018-08-06,55,0,0,29,0,10,-4,F Minor,4,18rHGxr6QDiPieSTo7cUGL,DEHK91892541,no
389,"Que nada nos pare (lo más importante)","ELYELLA,La La Love You",128,1B,76,2026-06-24,03:05,4,"","Que nada nos pare (lo más importante)",2022-06-30,66,0,27,80,0,10,-5,B Major,4,1FG7ZjnuT0O9CsDKOxND0E,ES65D2200011,yes
390,"La Bachata","Manuel Turizo",125,6A,68,2026-06-24,02:42,81,"flamenco, flamenco urbano, flamenco pop","La Bachata",2022-05-26,84,58,0,85,0,20,-5,G Minor,4,5ww2BF9slyYgNOk37BlC4u,QZDYA1800087,no
391,"PROVENZA","KAROL G",111,3B,52,2026-06-24,03:30,74,"afro house","PROVENZA",2022-04-22,87,66,1,53,0,10,-8,C♯/D♭ Major,4,7dSZ6zGTQx66c2GF91xCrb,USUM72205906,no
392,"LAS 12","Ana Mena,Belinda",130,2B,81,2026-06-24,02:45,62,"reggaetón, big room","LAS 12",2022-06-17,78,6,0,73,0,10,-2,F#/G♭ Major,4,0EpdLuptraYGFZ6J7HNSLc,ITB002200515,no
393,"Mujer Latina","Thalia",127,1A,97,2026-06-24,03:38,55,"pop latino","Amor A La Mexicana",1997-01-01,80,18,0,96,0,10,-5,G#/A♭ Minor,4,06fNNrQqwUJ58OPj4u1Otk,MXF069700003,no
394,"La Prendo","Bad Gyal",115,8A,78,2026-06-24,03:01,58,"italo dance","La Prendo",2022-05-26,92,5,0,66,10,0,-2,A Minor,4,6t48UVZvQWh5wWfWlCZfzY,USUM72208579,no
395,"Tití Me Preguntó","Bad Bunny",107,4A,72,2026-06-24,04:03,93,"pop latino, rock latino","Un Verano Sin Ti",2022-05-06,65,10,0,19,20,10,-5,F Minor,4,1IHWl5LamUGEuP4ozKQSXZ,QM6MZ2214878,yes
396,"Dime","Beth",130,10A,75,2026-06-24,03:00,56,"dembow","Otra Realidad",2003-01-01,70,1,0,60,0,30,-8,B Minor,4,7Cf4bpnB164MgYLCPWd88h,ES6010300096,no
397,"Papaoutai","Stromae",116,3A,81,2026-06-24,03:52,80,"","racine carrée",2013-01-01,73,3,0,25,0,0,-7,A#/B♭ Minor,4,34dx8DACTJsc3rsJdaEIQw,BET671300160,no
398,"Ptazeta: Bzrp Music Sessions, Vol. 45/66","Bizarrap,Ptazeta",114,10B,81,2026-06-24,02:41,61,"house latino","Ptazeta: Bzrp Music Sessions, Vol. 45/66",2021-10-06,83,4,0,71,10,0,-5,D Major,4,4axxCbc4tWlpqHP5UbJMc3,UYB282101021,no
399,"Calling (Lose My Mind) - Radio Edit","Sebastian Ingrosso,Alesso,Ryan Tedder",125,12A,85,2026-06-24,03:25,69,"flamenco, villancicos, flamenco pop, ","Calling (Lose My Mind)",2012-01-01,42,1,0,15,0,20,-5,C♯/D♭ Minor,4,1trC8L8YpawkU553ymy2zC,GBJ4B1200056,no
400,"La Niña de la Escuela","Lola Indigo,TINI,Belinda",176,3B,88,2026-06-24,03:24,66,"flamenco, flamenco pop, flamenco urbano, big room","La Niña",2021-07-01,71,17,0,85,0,90,-2,C♯/D♭ Major,4,1g4cZvi0nLeeIycd0Rkljj,ES5702100732,no
401,"La Mamá de la Mamá (feat. El Cherry Scom)","El Alfa,CJ,Chael Produciendo,El Cherry Scom",130,1B,93,2026-06-24,03:39,2,"eurodance, europop, pop latino, dembow, urbano latino, latina, flamenco, flamenco pop","La Mamá de la Mamá (feat. El Cherry Scom)",2021-04-08,92,28,0,80,10,70,-3,B Major,4,2L95U6syP0bV3fkYYOzmiW,USCGJ2190595,yes
402,"Désenchantée","Kate Ryan",140,3B,89,2026-06-24,03:38,71,"","Different",2002-01-01,51,14,0,33,0,20,-8,C♯/D♭ Major,4,4yOU9FaCmFFo2qfy1FHIe3,BEC010100040,no
403,"Give Me Everything (feat. Nayer)","Pitbull,AFROJACK,Ne-Yo,Nayer",129,4B,94,2026-06-24,04:12,92,"timba, flamenco, flamenco pop, europop, eurodance, nightcore","Planet Pit (Deluxe Version)",2011-06-17,67,19,0,53,10,30,-3,G#/A♭ Major,4,4QNpBfC0zvjKqPJcyqBy9W,USJAY1100032,no
404,"El Anillo","Jennifer Lopez",130,7A,69,2026-06-24,02:56,57,"","El Anillo",2018-04-26,87,2,0,47,10,0,-4,D Minor,4,2SpfMQ5TuKsMj1trNwrLVA,QZCJV1800001,no
405,"4K","El Alfa,Darell,Noriel",120,2A,90,2026-06-24,03:21,2,"eurodance, europop, trance, trance progresivo, synthwave, rock en español, rock mexicano","4K",2020-03-12,93,36,1,80,10,10,-4,D#/E♭ Minor,4,4xI3U4sDj1TPmO9Iz5TkYp,USCGJ2004694,no
406,"On The Floor (feat. Pitbull)","Jennifer Lopez,Pitbull",130,2A,77,2026-06-24,04:46,0,"timba","Dance Again...The Hits",2012-07-20,73,7,0,57,0,10,-5,D#/E♭ Minor,4,6igrEPhnCtozW95m8F9TBz,USUM71104034,no